Date,Crude_Oil,BCP,ESSO,IRPC,PTG,PTT,PTTEP,PTTGC,SRPC,SUSCO,TOP,Dollars
1/3/2018,61.63,41.75,17.6,7.2,22,45,101.5,86.25,17.299999,3.72,107,32.434
1/4/2018,62.01,41.75,18.5,7.3,23,47.200001,106,89.5,17.5,3.86,106.5,32.283
1/5/2018,61.44,41.5,18.4,7.4,23.5,46.799999,107,90.25,17.9,3.88,107,32.204
1/8/2018,61.73,40.75,18.200001,7.2,22.5,46.599998,105.5,89.25,17.299999,3.8,104.5,32.164
1/9/2018,62.96,40.5,18.1,7.25,22.799999,46.599998,107,93,17.299999,3.78,104,32.233
1/10/2018,63.57,41.25,18.1,7.2,22.6,47,107,92.75,16.9,3.78,99.5,32.224
1/11/2018,63.8,42,18.799999,7.35,22.6,47.200001,108.5,92.75,16.799999,3.94,101,32.054
1/12/2018,64.3,43.25,18.9,7.5,22.1,47,111,92.5,16.9,3.94,102,31.939
1/15/2018,64.28,42.75,18.5,7.65,21.6,48.400002,113,93,17,3.9,101.5,31.926
1/16/2018,64.73,42.25,18.6,7.55,22.4,48.200001,112.5,93.5,17.1,3.84,101.5,31.94
1/17/2018,63.73,42,19,7.4,22.1,48.400002,113.5,94.5,17.1,3.88,99.5,31.925
1/18/2018,63.97,41.5,18.700001,7.25,21.799999,48,114,95.25,16.9,3.98,99,31.951
1/19/2018,63.95,41.25,18.700001,7.35,21.4,47.799999,115,94,16.799999,3.94,100.5,31.852
1/22/2018,63.37,41.75,19,7.3,20.9,48.400002,115.5,96.5,16.700001,4.04,100.5,31.886
1/23/2018,63.49,42.25,19.1,7.35,20.9,48.799999,117,99.75,16.799999,3.98,102,31.825
1/24/2018,64.47,42,18.799999,7.4,21.6,49.200001,117.5,98.25,16.6,4.02,101,31.7
1/25/2018,65.61,41.5,18.6,7.4,21.5,48.599998,117.5,94.25,16.6,3.96,101.5,31.415
1/26/2018,65.51,41.25,18.6,7.4,21.299999,49,119.5,96.5,16.6,3.96,105,31.355
1/29/2018,66.14,41.75,18.9,7.4,21.5,49.799999,120.5,97.5,16.6,3.94,105,31.349
1/30/2018,65.56,42.25,19.200001,7.35,21.5,49,118,97,16.700001,3.9,103.5,31.456
1/31/2018,64.5,41.75,19,7.35,21.4,49.200001,119,96.25,16.700001,3.98,102.5,31.36
2/1/2018,64.73,41.5,18.799999,7.4,21,49.799999,121.5,96.25,16.9,4,104,31.36
2/2/2018,65.8,41.75,18.9,7.45,21.1,50.200001,122.5,95,16.9,4.04,102,31.349
2/5/2018,65.45,40.75,18.200001,7.3,20.799999,50,119.5,93.5,16.700001,4,100.5,31.513
2/6/2018,64.15,40,18.299999,7.2,20.299999,48.400002,118,93.5,16.6,3.92,100.5,31.636
2/7/2018,63.39,39.75,18.6,7.25,19.9,48.400002,115.5,91.75,16.700001,3.92,101,31.485
2/8/2018,61.79,40,18.799999,7.25,20.1,48,113.5,90.25,16.700001,3.9,99.25,31.743
2/9/2018,61.15,39.75,18.6,7.3,20,48,112,91.75,16.700001,3.9,99,31.826
2/12/2018,59.2,40,18.700001,7.4,20,48.799999,115.5,92.25,16.700001,3.98,99,31.636
2/13/2018,59.29,39.5,18.5,7.5,19.9,48.799999,114,92,16.700001,3.98,99,31.531
2/14/2018,59.19,39.5,18.299999,7.4,19.799999,48,110,91.25,17,3.98,101,31.413
2/15/2018,60.6,40,18.4,7.45,19.799999,48.599998,112.5,92.5,17.1,3.96,100,31.289
2/16/2018,61.34,39.75,18.200001,7.5,19.9,48.599998,112.5,93.75,17.200001,3.98,101,31.237
2/19/2018,61.68,40.25,18.6,7.6,19.799999,48.799999,112.5,94.25,17.200001,3.96,102,31.314
2/20/2018,61.72,40.5,18.200001,7.65,18.4,49,113,93.5,17.299999,3.94,102,31.449
2/21/2018,62.38,40.25,18.1,7.75,17,52.200001,114.5,93.25,17.200001,3.92,101,31.531
2/22/2018,61.9,39.75,17.6,7.85,18.299999,54,115,93.75,17.1,3.8,99.5,31.614
2/23/2018,61.68,40.25,18.200001,7.9,19.299999,53.799999,115.5,94.75,17.200001,3.84,100.5,31.472
2/26/2018,62.77,40.75,18.299999,7.85,18.9,56.599998,118,97.5,17.700001,3.8,104.5,31.361
2/27/2018,63.55,40.5,18.200001,8.05,18.200001,57.400002,117,99.25,17.700001,3.74,101.5,31.293
2/28/2018,63.91,40.5,17.799999,8.15,17.9,56.799999,115.5,99.25,17.700001,3.78,103,31.464
3/2/2018,63.01,40,17.4,7.95,17.700001,55.599998,115,99,17.5,3.72,99.75,31.478
3/5/2018,61.64,40.25,16.6,8.05,18.200001,56.200001,111.5,95,17.5,3.8,98,31.426
3/6/2018,60.99,40,16.6,7.85,18.299999,55.200001,113.5,95.75,17.5,3.78,98,31.379
3/7/2018,61.25,39.5,16.799999,7.65,18,54,111.5,91.5,17.200001,3.72,96.5,31.343
3/8/2018,62.57,39.5,17.1,7.55,18,53.200001,112.5,93,17.200001,3.68,97,31.306
3/9/2018,62.6,39.5,17.1,7.55,17.9,53.400002,113.5,95,17.200001,3.68,96.5,31.371
3/12/2018,61.15,40,17.4,7.5,17.700001,55.799999,115.5,96.25,17.299999,3.72,98.5,31.316
3/13/2018,60.12,39,16.4,7.8,17.9,56.599998,115.5,96.75,17.299999,3.66,99,31.264
3/14/2018,62.04,39.25,16.799999,7.75,18.200001,56,115.5,95.5,17.299999,3.66,100.5,31.173
3/15/2018,61.36,39.75,17.4,7.7,17.9,55.799999,116,98.25,17.5,3.66,99.5,31.157
3/16/2018,60.71,39.5,17.4,7.65,17.6,54.799999,117,100.5,17.200001,3.7,99.25,31.212
3/19/2018,60.96,39,17.299999,7.55,17.5,53.599998,116.5,98,17.200001,3.74,98.5,31.22
3/20/2018,61.19,38.75,17.4,7.6,17.6,54.200001,114.5,98.25,16.9,3.68,96.5,31.185
3/21/2018,62.34,38.5,17.799999,7.55,17.9,54.200001,116,96.75,16.799999,3.7,96.25,31.218
3/22/2018,62.06,38.75,17.6,7.55,17.700001,54.400002,116,98,16.799999,3.68,96.25,31.182
3/23/2018,63.4,38.25,17.9,7.5,17.4,55,115.5,98.5,16.799999,3.66,95.25,31.25
3/26/2018,65.17,38.25,18,7.45,17.4,56,117.5,99,16.799999,3.66,95.75,31.165
3/27/2018,64.3,38.25,18.1,7.5,17.299999,56,117.5,97.25,16.700001,3.68,95.25,31.132
3/28/2018,65.88,37.75,18.200001,7.45,17,56,116.5,96.75,16.700001,3.66,94.25,31.206
3/29/2018,65.55,36.75,17.700001,7.25,16.299999,54.799999,114.5,94.75,16.299999,3.6,90.75,31.249
3/30/2018,65.25,36.25,17.6,7.4,17.1,55.200001,114.5,94.5,16,3.54,91.75,31.215
4/2/2018,64.38,36.5,17.700001,7.5,17.200001,55.200001,116,96.5,16,3.56,92,31.179
4/3/2018,64.94,36,17.6,7.25,16.799999,54.599998,114.5,95.75,15.8,3.52,90,31.199
4/4/2018,63.01,35,17.5,7,16.5,53.200001,112,92.75,15.4,3.4,89,31.214
4/5/2018,63.51,35.25,17.4,7.1,17,54.200001,113.5,95.75,15.8,3.46,91.5,31.211
4/9/2018,63.37,36.25,17.1,7.3,16.700001,55,115,97.5,15.9,3.46,92,31.259
4/10/2018,63.54,36.5,17.5,7.25,16.9,55.200001,115,95.5,16,3.42,90.75,31.237
4/11/2018,62.06,36.25,17.299999,7.25,17.4,54.599998,116,96.25,16.200001,3.4,92,31.185
4/12/2018,63.42,37,17.6,7.35,17.799999,55,118,96.75,16.5,3.46,93.75,31.161
4/17/2018,65.51,37,17.700001,7.25,17.700001,54.599998,122,96,15.7,3.42,92.5,31.194
4/18/2018,66.82,37.25,17.799999,7.45,18.5,55,122.5,97.75,15.8,3.48,94,31.239
4/19/2018,67.07,37.75,18,7.5,18.799999,58,133,102.5,15.9,3.58,95.75,31.22
4/20/2018,67.39,36.5,17.6,7.45,18.6,58.799999,136.5,103,15.4,3.54,93,31.258
4/23/2018,66.22,36,17.5,7.45,18.6,57.200001,134.5,99.5,15.4,3.52,93,31.405
4/24/2018,66.52,36,17.700001,7.25,18.299999,58,138,98.5,15.4,3.5,92.5,31.477
4/25/2018,68.47,36.5,17.6,7,18.1,57.5,134,97.5,15.4,3.5,90.5,31.507
4/26/2018,68.29,36.5,17.799999,7.05,18.5,56.5,132.5,97,15.6,3.54,92.5,31.595
4/27/2018,68.38,36.75,17.799999,6.95,18.200001,56.5,133.5,98,15.6,3.52,93,31.617
4/30/2018,68.64,36.25,17.9,7.05,18.700001,56.5,134,98,15.7,3.48,94.25,31.51
5/2/2018,67.7,36.5,17.299999,7.05,18.799999,57,136.5,98,15.9,3.52,93.5,31.704
5/3/2018,68.05,36.25,17.299999,7.05,18.5,57.5,136.5,97.25,16.1,3.54,94,31.693
5/4/2018,68.19,36.25,17.299999,6.85,18.200001,56.75,137.5,96,16.1,3.58,94.25,31.64
5/7/2018,68.1,36,17.5,6.85,17.6,56.75,137.5,97.5,16.299999,3.56,96.25,31.777
5/8/2018,68.57,36.25,17.4,6.65,18,55.5,131,94,16.1,3.54,96,31.886
5/9/2018,67.25,36.25,17.6,6.75,17.799999,56.25,134.5,94.5,16.299999,3.54,94,32.07
5/10/2018,67.93,36,15.7,6.7,18.6,56,135,93,15.8,3.52,91.25,32.112
5/11/2018,68.43,36,14.4,6.7,18.700001,56.75,136,94.75,15.4,3.54,90,31.941
5/14/2018,69.72,35.5,14.4,6.9,18.799999,57,135,94.5,15.5,3.68,90,31.82
5/15/2018,70.73,35.25,14.6,6.75,19.4,56.5,136.5,94.5,15.6,3.68,88.5,31.901
5/16/2018,69.06,35,14.3,6.85,19.200001,56.5,138.5,93.25,15.6,3.68,85.5,32.104
5/17/2018,71.14,35.25,14.3,6.95,19,57.25,147.5,96.5,15.7,3.64,88,32.015
5/18/2018,71.36,35.5,14.5,6.85,19.5,57,145.5,94.75,15.5,3.6,88,32.131
5/21/2018,70.7,35.75,14.6,6.85,19.4,57,149,96,15.6,3.64,88.5,32.21
5/22/2018,70.96,35.5,14.4,6.85,19.200001,55.25,149.5,95.25,15.6,3.62,88.5,32.109
5/23/2018,71.31,35.5,15,6.85,18.700001,53.5,144.5,95.5,15.6,3.52,87.5,32.09
5/24/2018,71.49,35,14.7,6.75,18.700001,50.75,140,92.5,15.3,3.46,86,32.117
5/25/2018,71.49,35.25,14.6,6.65,18.4,52,140.5,91.25,15.3,3.48,88.5,31.983
5/28/2018,71.28,35.5,15,6.6,18.799999,50.25,131,88,15.9,3.48,90,31.914
5/30/2018,72.24,35.25,14.9,6.6,18.5,51.5,132.5,89,15.3,3.46,91,32.139
5/31/2018,72.13,36.25,14.7,6.6,18.9,52.25,134.5,89.25,15.5,3.48,92,32.007
6/1/2018,71.84,35.75,14.6,6.5,18.299999,51.5,134,87,15.3,3.48,87,32.061
6/4/2018,70.71,35.5,14.5,6.5,18.299999,51.75,136.5,86,15.1,3.48,88.75,32.013
6/5/2018,67.88,35.25,14.2,6.35,18.4,52,136,88.25,15,3.44,86.5,31.963
6/6/2018,67.36,35.5,14.4,6.55,18.4,52.5,141.5,88.25,15.1,3.42,88.25,31.884
6/7/2018,67.05,35.5,14.4,6.6,18.299999,52.25,139.5,89.75,14.8,3.38,88,31.909
6/8/2018,66.73,35.5,14.5,6.5,18.200001,51,136,89.5,15,3.4,87.5,32.054
6/11/2018,68.21,36,14.5,6.55,18,50.75,135.5,87.75,14.9,3.42,88,32.043
6/12/2018,67.04,35.75,14.2,6.5,17.6,51.5,136.5,87.5,14.7,3.48,87,32.084
6/13/2018,65.81,35.75,13.6,6.4,17.5,51,135,86.5,14.4,3.44,85.5,32.14
6/14/2018,64.75,35.25,13.4,6.35,17.4,51,136,83.75,14,3.44,81.5,32.157
6/15/2018,65.52,35.5,13.6,6.4,17.9,50,134,83.5,14,3.44,82,32.359
6/18/2018,64.73,34.75,13.4,6.15,17.200001,49,130,80.25,13.9,3.42,79.75,32.716
6/19/2018,65.95,33,12.6,6.05,16.5,47.75,125.5,79.75,13.4,3.34,77,32.718
6/20/2018,65.74,33.25,12.9,6.15,16.799999,48.75,129,83.75,14.2,3.36,81.75,32.738
6/21/2018,66.1,32,12.8,6,16.5,47.5,126,80.25,13.6,3.3,78.25,32.921
6/22/2018,66.36,32.5,12.2,6.05,16.799999,48,129.5,81.25,13.8,3.26,80,32.914
6/25/2018,66.64,32,12.2,5.9,16,48,131.5,78,13.5,3.26,77,32.99
6/26/2018,66.89,31.75,12,5.9,16.4,48,131.5,79.5,13.6,3.2,78.5,32.968
6/27/2018,65.06,32,11.8,6.1,15.9,48,136,79,13.4,3.2,77.25,33.007
6/28/2018,65.85,31.25,11.8,5.85,15.7,47.5,136,76.25,13.1,3.18,77.5,33.069
6/29/2018,65.07,32,11.6,5.8,14.4,48,140.5,73,13,3.2,77.75,33.166
7/2/2018,66.22,32.5,11.4,5.7,14.8,47.75,132.5,71.25,13.2,3.18,73.75,33.126
7/3/2018,65.54,33,11.6,5.75,15.2,47.5,134,74.25,13.3,3.2,75.25,33.243
7/4/2018,68.58,33,11.4,5.95,15,47.75,134.5,73.5,13.1,3.18,72.25,33.11
7/5/2018,68.08,32.25,10.6,5.7,14,46.25,132.5,72,13.1,3.16,70.25,33.218
7/6/2018,70.53,31.75,11.2,5.8,14.5,46.25,130,74,13,3.16,69,33.209
7/9/2018,72.76,32.25,11.1,5.75,14.8,47,134,73.5,13.3,3.16,70.5,33.11
7/10/2018,73.45,33,11.8,6,15.1,48.75,138.5,78,13.8,3.24,76.5,33.125
7/11/2018,74.15,33.5,11.8,5.95,15.6,48.5,136,77.5,13.7,3.26,77,33.261
7/12/2018,73.94,33.25,11.6,5.95,15.7,48,134,77.5,13.3,3.3,77.5,33.301
7/13/2018,74.14,33,11.6,5.9,15.5,47.5,135.5,76.25,13.2,3.36,76.75,33.251
7/16/2018,74.13,33.25,11.6,6,15.4,47.5,135,76.5,13.3,3.38,78.25,33.294
7/17/2018,72.94,33.25,11.4,6,14.9,47.75,130,74.75,13.4,3.38,78,33.246
7/18/2018,73.8,33.5,11.5,6.25,14.8,49.5,130,76.75,13.4,3.34,77,33.338
7/19/2018,73.85,34,12,6.3,15.3,49.5,131,77,13.6,3.36,78.25,33.395
7/20/2018,74.11,34.25,12.7,6.35,15.4,51.5,133.5,79.25,13.8,3.36,79.5,33.461
7/23/2018,70.38,35,13.5,6.55,15,51,133,81,14.5,3.28,83,33.349
7/24/2018,70.33,35.25,14.3,6.45,14.9,50.25,131.5,80.75,14.7,3.32,82,33.459
7/25/2018,71.01,34.75,14.2,6.5,15.3,51,134.5,81.25,14.7,3.34,81.25,33.368
7/26/2018,68.06,35.25,14.9,6.4,15.3,51.75,138,81.5,14.8,3.32,81.5,33.235
7/31/2018,68.08,35,14.3,6.45,15,51.25,138.5,81.75,14.6,3.36,80.25,33.297
8/1/2018,68.76,36,14.8,6.6,15.3,52.5,142.5,84.5,15,3.38,83,33.184
8/2/2018,69.46,35.5,14.7,6.55,15.3,52,140,85,15,3.38,82.25,33.18
8/3/2018,70.46,36,14.8,6.6,15.1,51.75,140.5,84.5,14.9,3.4,82.75,33.347
8/6/2018,67.89,36,14.5,6.6,14.3,51.5,139.5,83.25,14.8,3.38,80.75,33.243
8/7/2018,68.52,35.75,14.8,6.5,14.4,52.25,142.5,84.25,14.8,3.4,80.25,33.314
8/8/2018,69.3,35.75,14.7,6.55,14.4,53,142,84,14.7,3.38,78.75,33.216
8/9/2018,69.61,35.75,14.7,6.6,14.2,52.5,141.5,83.75,14.8,3.42,78.75,33.172
8/10/2018,68.69,35.5,14.9,6.45,14,51.75,138.5,82,14.8,3.26,80,33.254
8/14/2018,70.13,35.5,15,6.45,13.4,51.75,139,82,14.7,3.34,80.5,33.31
8/15/2018,68.76,35.5,14.8,6.4,13.2,51,136.5,81.5,14.8,3.34,81,33.337
8/16/2018,67.66,35.5,15.6,6.5,12.9,50.5,135,80.75,15.6,3.38,83,33.266
8/17/2018,68.96,35.75,15.6,6.55,12.6,51.5,134.5,81.75,15.6,3.34,83.5,33.199
8/20/2018,68.49,35.5,15.6,6.6,12.8,52.25,135.5,81.5,15.5,3.28,84,33.133
8/21/2018,69.01,35.5,15.5,6.55,12.4,51.75,135,81.75,15.6,3.22,83.25,32.784
8/22/2018,69.17,35.5,15.8,6.6,11.8,51.75,138.5,82,15.7,3.24,85.5,32.727
8/23/2018,66.94,35.75,15.7,6.65,11.1,52,140,81.25,15.7,3.22,85,32.805
8/24/2018,66.81,35.75,15.9,6.65,11.4,51.75,139.5,80.5,15.8,3.24,85,32.814
8/27/2018,67.63,36,15.8,6.7,12.1,52,141,80.75,15.2,3.28,85.5,32.576
8/28/2018,67.2,36.25,15.6,6.7,11.8,52.5,142.5,81.75,15.1,3.28,84.25,32.567
8/29/2018,67.04,36.25,15.7,6.85,11.7,52.5,143,83.25,15.3,3.28,84.75,32.679
8/30/2018,65.01,36.25,15.7,6.95,11.6,52,142.5,83.25,15.2,3.24,83.5,32.697
8/31/2018,65.46,36,15.8,6.95,11.7,52.5,142.5,81.75,14.9,3.2,84.25,32.742
9/3/2018,65.91,36.5,15.8,6.95,11.9,52.75,142,81.75,14.9,3.2,86,32.741
9/4/2018,66.43,36.5,16.299999,6.85,12.2,52.25,142.5,80.25,14.6,3.22,85.75,32.746
9/5/2018,67.35,36.25,16,6.75,11.7,50.5,139,78.75,14.7,3.18,84.75,32.805
9/6/2018,67.86,35.25,16.1,6.75,11.6,50.5,140.5,78.5,14.7,3.18,86.25,32.803
9/7/2018,67.83,34.75,16,6.7,11.6,50,139,78.5,14.7,3.22,85.25,32.792
9/10/2018,68.72,34.5,15.9,6.75,11.5,50.25,137.5,79,14.7,3.2,85,32.856
9/11/2018,68.87,34.25,16.1,6.7,11.6,48.75,138,77,14.7,3.18,83.75,32.824
9/12/2018,68.53,34,16.200001,6.6,11.3,49.5,141,77.5,14.6,3.2,83.75,32.814
9/13/2018,69.51,35,16.4,6.85,11.7,52,148,80,14.8,3.22,84.5,32.641
9/14/2018,70.25,35.75,16.6,6.85,11.6,51.75,149.5,80.75,14.8,3.28,86,32.585
9/17/2018,69.8,35.75,16.6,6.85,11.7,51,152,80.25,14.8,3.26,84.75,32.669
9/18/2018,69.92,36,16.4,6.95,11.8,52,152,82,14.9,3.26,84.5,32.599
9/19/2018,70.12,36,16.4,6.9,13,52.5,153,81.75,15,3.3,86.75,32.534
9/20/2018,69.87,35.75,16.700001,6.95,12.9,53.5,154,81.25,15.2,3.28,89,32.366
9/21/2018,68.72,35.25,16.1,6.95,12.9,53.75,153.5,81.25,15.2,3.24,87.5,32.392
9/24/2018,67.77,35.25,15.4,7,12.8,54,154.5,79.75,14.8,3.22,87,32.469
9/25/2018,67.75,35,15.4,6.95,12.6,54,153.5,81,14.7,3.24,86.25,32.458
9/26/2018,67.54,35,15.4,6.95,12.8,54.25,155,81.75,14.9,3.26,86.5,32.455
9/27/2018,69.25,35.5,15.6,6.9,12.7,54,156.5,81.75,14.9,3.24,88,32.431
9/28/2018,70.37,35.25,15.6,6.8,13.4,54.25,155,81.25,14.9,3.24,88.5,32.382
10/1/2018,68.59,35.25,15.5,6.7,13.6,54.75,160,81.75,15,3.28,87.5,32.253
10/2/2018,68.99,35,15.4,6.65,13.3,54.5,156.5,80.75,14.9,3.26,86.5,32.338
10/3/2018,68.91,35,15.4,6.7,12.3,53.5,156.5,82,14.9,3.22,86.25,32.338
10/4/2018,69.85,35,14.8,6.6,11.9,53,154,81.5,14.8,3.22,84,32.614
10/5/2018,71.12,34.5,14.7,6.55,11.8,52.5,150.5,80.75,14.6,3.18,84,32.8
10/8/2018,70.8,34,14.3,6.45,11.2,51.75,145,78.25,14.5,3.16,82.75,32.939
10/9/2018,70.78,33.5,14.7,6.45,11.3,52.25,148,77.75,14.5,3.18,82.75,32.921
10/10/2018,72.08,33.5,14.9,6.45,11.6,54,152,79.5,14.7,3.2,84.25,32.883
10/11/2018,72.28,33.25,14.6,6.3,11.2,51,146,77,14.4,3.1,82.5,32.924
10/12/2018,71.57,33.25,15.1,6.35,11.4,51.5,148,77.75,14.4,3.1,83,32.7
10/16/2018,72.12,33.5,15.5,6.25,11.3,51,148,77.25,14.5,3.12,82.5,32.662
10/17/2018,73.25,33.5,15.4,6.3,11.3,51,146.5,78.5,14.4,3.08,85.75,32.533
10/18/2018,75.3,33.25,15.4,6.2,11.2,51,143.5,77,14.3,3.04,84,32.6
10/19/2018,75.23,33,15,6.1,10.8,50.5,144.5,76.5,14.1,3.02,81,32.617
10/22/2018,76.41,32.5,14.6,6,10.4,50.25,145,77,13.9,3,80.75,32.65
10/24/2018,74.33,32,13.8,5.8,10,48.5,134,74.25,13.6,2.92,77.5,32.811
10/25/2018,74.34,32.5,14.1,6.05,10.2,49.5,137.5,76,13.8,2.88,81.25,32.923
10/26/2018,74.29,32.25,13.8,5.95,10,48.25,134.5,74.75,13.8,2.92,79.75,33.029
10/29/2018,74.96,32.5,14,6.05,10,48.75,136.5,75.5,14.1,2.9,80.25,33.136
10/30/2018,73.17,32.5,13.9,6.05,10,49.25,134.5,75,13.9,2.9,80.25,33.27
10/31/2018,70.97,33,14.5,6.1,10.5,51,139.5,77.25,14.1,2.94,84.75,33.266
11/1/2018,71.34,33,15.4,6.05,10.3,49.5,138,76.75,14.2,2.94,84.25,33.033
11/2/2018,71.78,33.5,15.4,6.15,10.8,49.75,141,77.75,14.3,3.02,84.75,32.914
11/5/2018,71.92,33.25,15.2,6.15,10.5,49.25,138,77.25,13.7,3,83,32.926
11/6/2018,69.75,33.25,15.2,6.15,10,49.75,138,77.5,13.4,3,81.75,32.971
11/7/2018,68.65,33,15.3,6,9.35,50.25,138,78.5,13.3,2.94,84.25,32.91
11/8/2018,69.12,33.5,15.5,5.95,9,50.75,140,80,13.4,2.9,85,32.852
11/9/2018,69.17,33,14.9,5.9,8.95,49.75,138,79,13,2.86,81,33.031
11/12/2018,66.43,33,14.4,5.75,7.85,49.75,138,78.75,12.8,2.86,79.75,33.112
11/13/2018,66.82,32.5,14.1,5.85,8.1,50,137,79,12.7,2.78,78.5,33.002
11/14/2018,67.33,32.25,13.8,5.75,7.95,49,131.5,76.25,12.5,2.78,75.5,32.919
11/15/2018,67.59,32.25,13.4,5.7,7.9,48.75,132,76.75,12.5,2.66,75.75,32.898
11/16/2018,67.04,32.5,13.2,5.8,7.5,48.75,133,77,12.6,2.66,77.25,32.999
11/19/2018,66.18,32.25,12.5,5.75,7.75,48.75,132.5,77.75,12.2,2.64,76.25,32.945
11/20/2018,65.31,32.25,12,5.65,7.65,48.5,131,76.5,11.9,2.64,75.25,32.958
11/21/2018,63.69,32.5,12.1,5.6,8.15,48.25,130.5,77,11.7,2.64,74.25,32.994
11/22/2018,63.14,32.5,12.5,5.55,8.1,48,128,76.25,11.8,2.52,73.75,32.958
11/23/2018,63.1,32.5,12.9,5.75,8.3,48.75,131,78,12.2,2.54,74.5,32.996
11/26/2018,62.21,32.25,12.6,6,8.8,48.5,129,76.5,12,2.62,74,33.044
11/27/2018,61.67,34,12.2,6,8.75,48.75,128.5,77.25,12,2.62,73.75,33.018
11/28/2018,60.67,33.75,12.3,6.05,8.9,49,129,78.25,12,2.7,75,33.037
11/29/2018,60.19,33.25,12.2,6,9.1,49.25,129,78.5,11.9,2.76,75,32.905
11/30/2018,59.93,33.75,12.3,6.1,9.3,49.25,132,78.5,12,2.8,76,32.908
12/3/2018,55.69,34.5,12.7,6.15,9.55,51.75,140.5,81,12.1,2.88,77.75,32.803
12/4/2018,56.25,34.5,12.3,6.15,9.65,51.5,140,81,11.9,2.88,77,32.719
12/6/2018,56.46,34.25,12.1,6.05,9.95,50.25,138.5,79.75,11.8,2.82,75,32.818
12/7/2018,56.46,34,12.2,6.1,9.75,49.5,135,79.25,11.7,2.78,73.5,32.81
12/11/2018,56.76,34,12.1,6,9.35,49.25,132,78.5,11.7,2.7,72.5,32.827
12/12/2018,53.43,33.75,11.9,5.9,9.35,49,134,78.25,11.6,2.7,72.25,32.769
12/13/2018,54.63,33.25,11.6,5.8,9.3,47.5,125,76.5,11.2,2.66,68.5,32.692
12/14/2018,54.02,33.25,11.1,5.8,8.6,47.75,121,75.75,10.9,2.62,68.25,32.777
12/17/2018,50.42,32.75,11.1,5.85,8.65,48,124,76,10.6,2.58,68.25,32.781
12/18/2018,51.63,32.25,10.8,5.85,8.65,48,124,72.5,10,2.54,68.25,32.751
12/19/2018,51.56,32.5,11.4,5.8,9.3,47,118,72,10.2,2.58,66,32.695
12/20/2018,50.29,32,10.9,5.8,9.2,46.75,116.5,72,9.95,2.56,66,32.756
12/21/2018,51.45,32,10.6,5.7,9.05,47.5,116.5,74,10,2.56,67,32.654
12/24/2018,50.93,32,10.7,5.75,8.9,47.5,116.5,73,9.95,2.56,66.75,32.61
12/25/2018,52.95,31.75,10.5,5.65,8.6,45.25,111.5,71.5,9.6,2.44,65.25,32.578
12/26/2018,53.25,31.5,10.3,5.7,8.6,45.5,113,71.25,9.65,2.34,65.75,32.569
12/27/2018,52.89,31.75,10.1,5.75,8.5,45.5,113,71.75,9.6,2.34,65,32.59
12/28/2018,51.49,31.75,10.2,5.75,8.6,46,113.5,71.25,9.6,2.42,66.25,32.417
1/2/2019,52.61,31.5,10.1,5.7,8.7,46.25,112.5,70.75,9.6,2.36,63.75,32.351
1/3/2019,51,31.5,10,5.85,9.15,45.5,113.5,69,9.4,2.42,63.75,32.205
1/4/2019,51.65,32.25,10.4,5.85,9.45,46.75,118.5,70,9.75,2.42,67.25,32.052
1/7/2019,51.15,33,11.2,5.95,9.6,48,121,72,10,2.5,69.75,31.962
1/8/2019,52.58,32.75,11.2,6.05,9.45,48,121.5,71.75,10,2.48,69.75,32.046
1/9/2019,51.2,33,11.4,5.9,9.4,48.25,121.5,71.25,10.4,2.5,69.75,32.026
1/10/2019,49.88,33,11.2,5.85,9.6,48.75,122.5,71.5,10.6,2.52,69.75,31.917
1/11/2019,46.24,33,11,6,9.55,49.25,123.5,70.75,10.5,2.54,70.5,31.915
1/14/2019,47.2,32.75,10.5,5.8,9.25,48,122,67.5,10.4,2.56,67.5,31.957
1/15/2019,45.88,32.25,10.2,5.75,8.95,47.75,121,67.5,10.1,2.56,67.25,31.874
1/16/2019,45.59,32,10.2,5.75,9.25,47.5,122,68,10.1,2.54,68.5,31.804
1/17/2019,42.53,32.25,10.3,5.75,9.25,47.25,123,67.5,10.3,2.54,68.5,31.665
1/18/2019,43.16,32.25,10.3,5.85,9.3,48.25,125,69,10.3,2.58,69.5,31.684
1/21/2019,46.22,33,10.7,5.9,9.55,48.75,127,71.25,10.7,2.58,71.75,31.756
1/22/2019,44.61,33.25,11,6,10,49.5,127.5,71.5,11,2.64,73,31.811
1/23/2019,45.33,33.25,11,6,9.9,49.5,127.5,70.5,10.8,2.62,72.5,31.734
1/24/2019,45.41,33,10.7,5.9,9.8,49,124.5,69,11.1,2.6,71.5,31.721
1/25/2019,45.89,32.25,10.6,5.9,9.8,48.75,124.5,67,10.8,2.6,71,31.681
1/28/2019,46.54,32.25,10.5,5.95,10.1,48.75,121.5,66.5,10.6,2.64,71.25,31.499
1/29/2019,47.09,32,10.6,5.65,10.4,48.25,118.5,67,10.6,2.6,69,31.569
1/30/2019,47.96,32.25,10.8,5.65,10.4,48.25,121,67.5,11,2.62,72,31.44
1/31/2019,48.52,32.25,10.9,5.75,10.4,48.5,123,68,10.9,2.66,72,31.237
2/1/2019,49.78,32.75,11.1,5.8,10.4,49.5,124,69.5,10.8,2.74,73.75,31.347
2/4/2019,52.36,33,11.4,5.9,10.3,49.25,125.5,69.25,11.3,2.76,74.75,31.323
2/5/2019,52.59,33.5,11.6,5.8,10.2,49.25,125.5,69,11.3,2.84,74.5,31.303
2/6/2019,51.59,33.5,11.5,5.8,10.2,48.75,125,69,11.3,2.84,74.5,31.261
2/7/2019,50.51,33.25,11.3,5.8,10.1,49,125,69,11.2,2.86,74.5,31.276
2/8/2019,52.11,33.25,11.3,5.75,10,48.5,124,68.5,11.1,2.82,74,31.375
2/11/2019,52.31,32.75,11,5.75,9.85,48.25,123.5,67.75,11.1,2.82,73.5,31.422
2/12/2019,52.07,33,11.3,5.9,10.2,48.5,121.5,67.5,11.1,2.82,73.25,31.369
2/13/2019,53.8,33.5,11.5,5.95,10.3,49,124,69.25,11.2,2.82,76,31.267
2/14/2019,53.65,33.25,11.2,6.05,10,48.25,124,69.25,11.3,2.82,75.25,31.374
2/15/2019,54.24,33.25,11,5.9,9.9,48.25,122.5,68.75,11.1,2.82,74.25,31.296
2/18/2019,52.57,33,11,5.85,9.45,48.5,123.5,69.25,11,2.84,73.75,31.224
2/20/2019,52.62,33.25,11,5.95,9.4,49,125.5,71.75,11.3,2.86,74.25,31.09
2/21/2019,53.13,33.5,11,5.9,9.4,48.75,126,71,11.4,2.88,72,31.156
2/22/2019,53.69,33.25,10.7,6,9.25,49.25,126,72.5,10.5,2.9,73.75,31.274
2/25/2019,51.99,33,10.6,6.15,9.65,49.75,127.5,74.25,10.1,2.92,74,31.301
2/26/2019,53.31,33.25,10.7,5.95,9.5,49,125,73.25,10.2,2.9,73.5,31.293
2/27/2019,54.23,33,11,6,9.55,49.25,126.5,72.75,10.2,2.92,73.5,31.395
2/28/2019,53.79,33,10.9,5.9,10.1,48.5,124.5,72,10.3,2.88,72.25,31.496
3/1/2019,55.26,32.75,10.6,5.75,9.85,48.75,123.5,71.5,10.3,2.88,69.25,31.654
3/4/2019,54.56,32.75,11,5.75,10,48.75,121,71.25,10.2,2.88,69.75,31.808
3/5/2019,53.66,32.75,11.4,5.75,10.2,48.75,122.5,69,10.6,2.88,72.5,31.881
3/6/2019,54.01,32.25,11.5,5.8,10.2,47.5,121.5,68.5,11,2.84,72.25,31.83
3/7/2019,52.64,32.25,11.4,5.8,10.6,47.75,122.5,69.25,11.1,2.86,71.75,31.892
3/8/2019,52.72,32.25,11.2,5.85,10.6,47.5,121,68.25,11.1,2.86,71,31.812
3/11/2019,52.41,31.75,10.9,5.75,10.6,47.25,120.5,67.75,10.7,2.88,69.5,31.696
3/12/2019,53.1,32.5,10.9,5.75,10.4,47.25,121,67.5,10.7,2.88,70.25,31.681
3/13/2019,53.9,32.25,10.9,5.8,10.4,47.75,121.5,67.75,10.9,2.86,70.5,31.645
3/14/2019,54.41,32.25,10.8,5.75,10.3,48,120.5,67.5,10.7,2.84,69.5,31.664
3/15/2019,55.59,31.75,10.6,5.7,10.1,48.25,119,67.25,10.6,2.82,69,31.725
3/18/2019,56.33,31.75,10.7,5.7,10.2,47.75,120,67.5,10.6,2.8,68.5,31.659
3/19/2019,56.27,32,11.1,5.75,10.4,48.5,122,68,11,2.8,70,31.66
3/20/2019,56.09,32.75,11,5.75,10.1,48.25,121.5,67,11.1,2.8,69.75,31.722
3/21/2019,56.92,33,11.4,5.75,10.2,48.25,124,67.75,11.2,2.82,71.75,31.661
3/22/2019,56.96,33.25,11.4,5.85,10,48.75,126.5,68.75,11.2,2.82,72,31.712
3/25/2019,57.26,32.5,11,5.7,9.75,47.75,124,67.5,10.9,2.72,70.5,31.571
3/26/2019,55.48,32.25,10.9,5.75,10.1,48,125,67.75,10.8,2.74,70.5,31.606
3/27/2019,55.5,32,10.9,5.75,10,47.5,125.5,67.5,10.7,2.74,70,31.742
3/28/2019,56.94,32.25,10.9,5.75,10,47.5,125.5,67.25,10.9,2.78,70,31.873
3/29/2019,57.22,32.25,11,5.75,10,48,125.5,67.25,10.9,2.84,69.5,31.805
4/1/2019,55.8,32.75,11,5.85,10.1,48,127,67.5,10.9,2.86,70.25,31.707
4/2/2019,56.59,33,11.2,5.9,10.2,48,127.5,68,10.9,2.9,71,31.756
4/3/2019,56.56,32.75,11.5,5.95,10.3,48.25,129,69.25,10.9,2.9,71.75,31.747
4/4/2019,56.22,32.75,11.5,5.85,10.2,48,128,68.75,10.9,2.9,71.25,31.768
4/5/2019,56.66,32.5,11.4,5.8,10.1,47.75,127.5,69,10.8,2.9,70.75,31.884
4/9/2019,56.07,33,11.7,5.9,10.3,48,131.5,70.25,10.9,2.92,71.5,31.868
4/10/2019,56.79,32.75,11.8,5.9,10.4,48.25,132.5,70.75,11,2.96,71.5,31.825
4/11/2019,56.87,32.75,12.1,5.75,10.4,48.25,131,71,11.1,2.94,72,31.781
4/12/2019,58.26,33.25,12,5.7,10.6,48,131.5,70.5,11.1,2.96,72,31.828
4/17/2019,58.61,33.5,11.9,5.7,10.9,48.5,131,70.25,11.2,2.98,72,31.798
4/18/2019,58.52,33.75,11.7,5.7,10.8,48.75,132,69.5,11,2.98,72,31.817
4/19/2019,59.09,33.5,11.8,5.7,10.9,48.5,131.5,70.75,11,3.04,73,31.812
4/22/2019,59.03,33.5,11.9,5.7,10.6,49.25,134,71.25,11,3,73,31.886
4/23/2019,59.83,33.5,11.8,5.6,10.6,49.5,136.5,70.75,11,2.98,72.5,31.926
4/24/2019,59.98,33.5,11.6,5.65,10.6,49.5,135,69.75,11,2.98,72.5,32.017
4/25/2019,59.04,33.5,11.6,5.6,10.6,49.5,136.5,69.5,10.9,2.96,71.75,32.063
4/26/2019,58.82,32.75,11.2,5.6,10.6,49.25,135,68.75,10.8,2.92,70,32.007
4/29/2019,59.94,32.75,10.9,5.55,10.7,48.75,133,68.5,10.5,2.94,69,31.909
4/30/2019,59.41,32.5,11.1,5.65,11,48.75,133.5,68.75,10.6,2.98,69.25,31.933
5/2/2019,59.3,32.75,11.1,5.6,11.6,49,133.5,68.75,10.6,2.98,69.25,31.982
5/3/2019,60.14,32.75,10.8,5.6,11.8,49.25,131,68.75,10.6,2.96,69,32.036
5/7/2019,61.59,32.25,10.7,5.4,12.4,48.75,131.5,67.75,10.3,2.94,67.75,31.906
5/8/2019,62.58,32.5,10.6,5.25,12.2,48,129,67.25,10.1,2.9,66.5,31.815
5/9/2019,62.46,32,10.6,5.3,12.5,47.5,128,66.5,10.1,2.94,66.5,31.815
5/10/2019,62.1,31.25,10.8,5.3,12.5,47.75,129.5,66.75,10.2,2.94,66.75,31.65
5/13/2019,63.08,30.25,10.6,5.05,12.5,47.5,129.5,65,10.1,2.94,65,31.675
5/14/2019,64.4,29.75,10.3,5.05,13.6,47.25,129.5,65,9.85,2.92,64.75,31.523
5/15/2019,63.98,29.75,10.3,4.94,13.5,47.25,128.5,64.5,9.75,2.86,64.25,31.543
5/16/2019,64.61,29.75,10.4,4.9,13.5,47,128.5,64,9.75,2.88,64.25,31.569
5/17/2019,63.58,29.5,10.2,4.88,13.6,46.5,129,63.5,9.65,2.84,63,31.721
5/21/2019,63.89,29.5,10,4.78,13.4,46.25,130,62.75,9.45,2.86,62.5,31.878
5/22/2019,63.4,28.75,9.9,4.74,13.9,46.5,130.5,62.5,9.4,2.88,60.5,31.975
5/23/2019,64.05,28.5,9.35,4.6,13.7,45.75,130,60,9.2,2.86,59,31.975
5/24/2019,63.76,28.75,9.5,4.68,13.7,45.75,124.5,60.75,9.3,2.86,60,31.89
5/27/2019,64,29,9.65,4.72,13.9,46.25,125.5,60.5,9.3,2.88,59.25,31.78
5/28/2019,65.7,29.5,9.6,4.74,14.3,47.25,127,62.5,9.4,2.9,60,31.794
5/29/2019,66.3,29,9.65,4.66,15.2,46.5,125.5,62.25,9.35,2.9,59.25,31.833
5/30/2019,65.89,29.5,9.7,4.68,16.1,46.25,126.5,61.25,9.45,2.9,59.5,31.8
5/31/2019,65.21,29.5,9.45,4.74,16.700001,46.25,125.5,60.75,9.35,2.9,59.25,31.755
6/4/2019,63.3,29.25,9.65,4.72,16.4,46.5,125,60.75,9.45,2.9,59.5,31.355
6/5/2019,63.5,29.5,9.85,4.76,16.9,47,126.5,61.5,9.5,2.94,60,31.403
6/6/2019,63.91,29.25,9.8,4.72,17,47,125,61,9.4,2.96,59.5,31.378
6/7/2019,63.6,29.25,10.1,4.76,17.299999,47,125,61.75,9.55,3.02,60,31.353
6/10/2019,61.81,30,10.2,4.86,17.5,47.25,128,63,9.65,3.04,61,31.361
6/11/2019,61.94,29.75,10.1,4.86,17.299999,47.5,128.5,63,9.6,3.04,60.5,31.312
6/12/2019,62.25,29.5,10,4.84,16.299999,47,128,62.25,9.55,3.02,60.25,31.245
6/13/2019,61.4,29.75,9.95,4.78,17.200001,47,127,63,9.35,3.04,60.25,31.22
6/14/2019,62.12,29.5,10,4.74,17,46.5,126.5,62.25,9.35,3.08,60.25,31.199
6/17/2019,61.7,29.5,10,4.74,17.1,46.5,127,62.25,9.25,3.1,60,31.256
6/18/2019,61.66,29.75,10.1,4.8,16.9,47.5,130,63.5,9.4,3.16,60.5,31.369
6/19/2019,61.04,30,10.3,5,18.1,48,131.5,63.5,9.5,3.14,62,31.245
6/20/2019,61.78,31,10.6,5.15,18.4,48.75,135,64.75,9.8,3.18,64.25,31.039
6/21/2019,62.02,30.75,10.7,5.15,18.5,49,135,64.75,10.1,3.18,64.25,30.835
6/24/2019,62.87,30.75,11,5.15,18.9,49,136,64.5,10.4,3.22,66.5,30.788
6/25/2019,62.76,30.75,10.9,5.15,18.799999,48.75,135.5,65,10.4,3.26,66.5,30.694
6/26/2019,63.1,31,10.8,5.05,18.799999,48.5,134,64.5,10.3,3.34,66.5,30.822
6/27/2019,62.99,30.5,10.9,5.1,19.700001,48.75,136,64.5,10.3,3.3,66.25,30.765
6/28/2019,61.42,30.5,10.8,5,19.5,48.75,135,64,10.1,3.3,66.5,30.737
7/1/2019,57.91,31,11,5.2,19.1,49.5,137,65.25,10.1,3.24,68.5,30.578
7/2/2019,58.63,31,10.8,5.1,18.799999,48.5,134.5,64.25,10.1,3.22,68,30.706
7/3/2019,58.77,31,10.6,5.1,18.6,48.25,133.5,63.75,10,3.18,66.25,30.57
7/4/2019,59.16,30.75,10.5,5,18.4,48.25,132.5,63,9.95,3.18,65.25,30.62
7/5/2019,59.14,31,10.8,4.96,18.4,48.25,133.5,62.75,10.1,3.18,66.5,30.696
7/8/2019,58.81,30.5,10.6,4.8,19.5,48.25,133.5,61.5,9.9,3.28,66.25,30.8
7/9/2019,56.59,30.25,10.2,4.76,20,47.75,132,61.5,9.6,3.22,66.5,30.825
7/10/2019,53.5,30.75,10.5,4.86,20.700001,48.25,134.5,62,9.75,3.24,68,30.854
7/11/2019,53.25,30.5,10.7,4.92,21.700001,48.25,136,62,10,3.24,71,30.604
7/12/2019,53.48,31.5,11.2,5.05,21.700001,47.75,136,62.75,10.9,3.28,72.5,30.815
7/15/2019,51.68,31,10.9,5.05,21.5,47.75,136,63,10.6,3.3,70.75,30.896
7/17/2019,52.59,30.5,10.6,4.86,21.799999,48,134.5,61.75,10.2,3.28,69,30.906
7/18/2019,53.99,31,10.4,4.9,21.6,47.75,134.5,61.5,10.1,3.28,69,30.862
7/19/2019,53.26,30.5,10.6,4.92,21.6,47.75,135,61.75,10.2,3.3,70.5,30.76
7/22/2019,53.27,30.75,10.7,4.96,21.6,47.75,137,61.75,10.5,3.26,71.25,30.849
7/23/2019,51.14,31,10.7,4.88,22.799999,47.75,136.5,61.5,10.5,3.3,71,30.906
7/24/2019,52.28,31.5,10.5,4.86,22.6,47.75,136.5,61.25,10.4,3.3,71,30.914
7/25/2019,52.51,31.5,10.4,4.86,22.299999,47.75,134.5,61.5,10.1,3.28,69.75,30.901
7/26/2019,51.93,31.25,10.4,4.82,22.4,47.25,134,61,10,3.24,69.5,30.98
7/30/2019,53.9,30.5,10,4.74,21.6,47.25,135,60.5,9.85,3.18,68.75,30.828
7/31/2019,53.76,30.25,10,4.8,22.5,47.25,135.5,60.5,9.85,3.2,69,30.776
8/1/2019,56.65,30,10,4.8,19.4,47.25,135,60.25,9.8,3.18,68.75,30.854
8/2/2019,57.43,29.25,9.7,4.66,19.4,46,131.5,57.75,9.5,3.12,67,30.884
8/5/2019,57.9,28.75,9.55,4.56,19.299999,45.75,131,57.5,9.35,3.04,66,30.839
8/6/2019,57.83,29,9.45,4.32,20.299999,45.5,130.5,56.5,9.4,3.1,65.75,30.766
8/7/2019,59.38,29,9.35,4.22,19.6,45,128.5,55.25,9.35,3.06,63.75,30.775
8/8/2019,59.43,28.25,9,4.16,19.799999,44.25,126,53.5,8.95,3.08,62,30.755
8/9/2019,58.47,28.25,9.1,4.14,19.1,44.25,124,53,8.95,3.06,63.75,30.73
8/13/2019,59.09,27,8.9,4.04,19.1,43,124,51.5,8.5,3.02,64.25,30.798
8/14/2019,56.25,27.25,8.95,4.08,19.299999,43.25,125,52.5,8.5,2.94,65.5,30.822
8/15/2019,57.34,26.75,8.8,3.9,19.299999,42.25,123,52.25,8.4,2.88,64,30.846
8/16/2019,56.8,26.25,8.7,3.92,20.200001,42.75,125.5,52.5,8.4,2.98,64.5,30.9
8/19/2019,57.51,26.5,8.5,3.96,20.4,43.25,123.5,54.25,8.55,3.06,65.25,30.863
8/20/2019,57.66,26.25,8.4,3.96,19.799999,42.75,121.5,52.75,8.4,3.2,64.25,30.823
8/21/2019,57.83,26.5,8.45,3.94,20.9,43,122,53.25,8.35,3.26,65,30.783
8/22/2019,60.43,26.75,8.2,3.78,20.799999,42.25,121,52,8.15,3.26,64.75,30.783
8/23/2019,60.2,26.5,8.15,3.82,20.9,42.5,121.5,52.75,8,3.16,65.5,30.779
8/26/2019,60.21,26,7.85,3.58,20.299999,41,115,51.5,7.45,3.12,62.5,30.608
8/27/2019,59.58,26,7.6,3.58,20.299999,40.75,114.5,51.25,7.7,3.04,61,30.591
8/28/2019,57.62,25.75,7.8,3.54,21.6,41,116,51.25,7.85,3.1,62.25,30.655
8/29/2019,56.78,27.5,8.75,3.88,21.4,43.25,121,53.25,8.8,3.12,68,30.627
8/30/2019,55.3,27.25,8.6,3.96,21.5,44.25,124.5,53.25,8.8,3.08,67.75,30.646
9/2/2019,55.63,27,8.4,3.94,21.6,43.5,122,52.5,8.7,3,66.75,30.615
9/3/2019,56.22,26.5,8.2,3.78,20,42.75,119,51.5,8.6,2.96,66.5,30.661
9/4/2019,56.77,26.75,8.3,3.82,20.200001,43.5,118,52.25,8.7,3,68.25,30.599
9/5/2019,55.88,27.25,8.45,3.86,20.4,44.25,122,52.75,8.85,3.04,69.75,30.565
9/6/2019,56.02,26.75,8.4,3.84,20.200001,44.5,124,52.75,8.8,3.06,69,30.653
9/9/2019,56.2,26.75,8.35,3.84,20,45,124,52.5,8.85,3.02,68.75,30.653
9/10/2019,56.87,27,8.3,3.9,19.799999,45.5,124.5,53.5,9.05,3.02,69.75,30.643
9/11/2019,58.05,27.75,8.7,4.2,20.6,45.75,123.5,55.25,9.5,3.04,71,30.621
9/12/2019,58.58,27.75,8.75,4.12,20,45.5,121,54.25,9.75,2.98,70,30.495
9/13/2019,53.95,27.25,8.8,4.08,20.1,45.5,122.5,54.75,9.8,3.02,70.75,30.427
9/16/2019,55.66,28.25,8.9,4.02,18.6,47,125,57,9.85,3.06,71,30.49
9/17/2019,54.69,28.75,9.25,4.08,18.799999,47.25,130,58.25,10,3,72,30.566
9/18/2019,53.63,27.5,8.7,3.92,18.9,45.75,124,53.75,9.6,2.98,70.25,30.536
9/19/2019,51.09,27.25,8.45,3.7,18.700001,45.25,123.5,52.75,9.5,2.96,68.25,30.57
9/20/2019,52.54,27.25,8.5,3.66,17.5,45.5,123.5,53.5,9.75,2.96,68.5,30.49
9/23/2019,54.5,27.25,8.45,3.7,17.6,45.75,124.5,54,9.7,2.94,69.5,30.483
9/24/2019,54.93,26.75,8.55,3.76,18.299999,46.25,125,54,9.75,2.94,70.25,30.518
9/25/2019,57.1,27,8.45,3.68,17.5,46,123,53.5,9.55,2.92,69.75,30.582
9/26/2019,55.23,27.5,8.4,3.68,17.799999,46,123.5,54,9.3,2.94,69.25,30.611
9/27/2019,54.47,27.25,8.4,3.68,17.799999,46,123.5,54.25,9.3,2.96,70,30.626
9/30/2019,54.87,27.25,8.05,3.68,18.799999,46.25,121,53.75,9.3,2.94,69.75,30.575
10/1/2019,56.21,27.25,7.9,3.62,18.6,45.75,119.5,53,9.25,2.94,68.25,30.627
10/2/2019,56.34,26.25,7.75,3.54,18.700001,45.75,120,52.25,9.05,2.92,68,30.641
10/3/2019,55.68,26,7.75,3.52,19.4,45.5,119,51.75,9.05,2.94,67.5,30.588
10/4/2019,55.35,26,7.6,3.52,19.4,45.75,116.5,51.5,8.75,2.88,67.5,30.474
10/7/2019,54.17,26.5,7.75,3.54,19.5,46,117.5,52,8.8,2.88,68.75,30.454
10/8/2019,53.64,26.75,7.75,3.66,19.299999,45.75,118,51.75,8.8,2.86,68.75,30.457
10/9/2019,54.93,26,7.75,3.66,19.200001,45.75,117,52.25,8.75,2.92,69.5,30.346
10/10/2019,55.78,26.25,7.9,3.66,18.799999,44.5,118,52.25,9,2.88,69.25,30.322
10/11/2019,56.71,26.25,7.85,3.64,19.1,45.25,122.5,52.75,9,2.86,70,30.426
10/15/2019,55.1,26,7.7,3.64,19.5,45,119.5,51.75,8.75,2.84,70,30.42
10/16/2019,54.8,25.5,7.5,3.48,19.5,45,119,50.25,8.6,2.84,68.75,30.418
10/17/2019,54.66,25.25,7.45,3.46,18.9,44.25,117,49.5,8.8,2.84,67.5,30.354
10/18/2019,53.94,25.25,7.4,3.44,19.299999,44.5,117.5,50,8.8,2.84,67.5,30.278
10/21/2019,56.26,24.9,7.25,3.42,19,44.25,116.5,50.25,8.7,2.84,66.75,30.267
10/22/2019,56.3,25,7.25,3.46,19.200001,44.75,117,50.75,8.75,2.84,67.5,30.294
10/24/2019,56.52,24.5,7,3.42,19,44.75,118.5,50,8.55,2.84,66.75,30.28
10/25/2019,57.85,23.700001,6.7,3.24,17.9,44.5,117.5,49,8.25,2.82,63.75,30.214
10/28/2019,57.4,23.6,6.7,3.16,18.299999,44.5,118,49.25,8.2,2.78,63.75,30.208
10/29/2019,55.75,23.6,6.8,3.22,17.9,44.5,118.5,49,8.25,2.76,65,30.221
10/30/2019,55.09,23.9,7.05,3.34,18.1,45.5,122.5,50.5,8.55,2.78,67.5,30.227
10/31/2019,54.85,24.700001,7.35,3.4,18,45.25,120.5,51,8.9,2.78,68.5,30.181
11/1/2019,62.9,24.4,7.15,3.34,17.9,45.25,120,51,8.9,2.76,68,30.163
11/4/2019,59.34,24.6,7.4,3.42,18.4,45.5,123,53.75,9.1,2.78,69.5,30.165
11/5/2019,58.11,24.299999,7.3,3.46,18.4,45.75,124.5,53.75,8.9,2.8,68.5,30.206
11/6/2019,58.13,24.5,7.4,3.58,18.4,45.5,123.5,53.5,9.05,2.82,68.5,30.286
11/7/2019,58.09,25.25,7.85,3.66,19,46,125,56.25,9.65,2.94,72,30.328
11/8/2019,58.64,25.75,8.35,3.68,18.6,45.5,124.5,55.5,9.65,2.94,72.75,30.4
11/11/2019,57.29,25.25,7.8,3.62,18,45.25,123,54,9.6,2.92,70.25,30.347
11/12/2019,56.49,25.5,7.85,3.62,17.9,45.25,123.5,54.75,9.75,2.94,70,30.34
11/13/2019,56.41,25,7.7,3.56,18.299999,45.25,122.5,54.25,9.8,2.98,69.5,30.295
11/14/2019,55.91,25,6.95,3.44,18.799999,44.75,122,53.25,9.7,2.92,68.5,30.213
11/15/2019,54.07,24.6,6.75,3.34,18.799999,44.75,120.5,52.25,9.4,2.86,66.5,30.207
11/18/2019,53.62,24.799999,7.15,3.4,19.4,44.5,121.5,53.25,9.8,2.96,68.5,30.249
11/19/2019,52.64,24.299999,7.1,3.4,19.5,43.75,120,53,9.75,2.94,68,30.185
11/20/2019,52.45,23.6,6.8,3.3,19.700001,43,118,52,9.7,2.96,67.25,30.185
11/21/2019,52.81,23.299999,6.85,3.22,19.9,43.25,117,51.75,9.4,2.9,67,30.2
11/22/2019,52.75,23.9,7.05,3.36,19.799999,43.25,119,53,9.75,2.92,67.75,30.208
11/25/2019,52.63,24.299999,7.35,3.54,19.700001,43.5,119.5,54,10.2,2.96,69.5,30.225
11/26/2019,52.59,24.5,7.5,3.5,20,43.25,118,54.5,9.9,2.96,70.5,30.227
11/27/2019,53.55,25.25,7.35,3.52,19.700001,43.5,120.5,55,10,2.92,69.5,30.231
11/28/2019,54.7,25,7.3,3.48,19.9,43.5,120,54.75,9.8,2.94,69,30.234
11/29/2019,53.59,25,7.4,3.5,19.5,43.25,120,53.75,9.95,2.9,69,30.227
12/2/2019,52.81,25.25,7.05,3.48,18.299999,42.5,119,53.5,9.75,2.9,68.25,30.245
12/3/2019,53.36,25.75,7.15,3.4,18.4,41.75,118,53,9.65,2.88,68.5,30.273
12/4/2019,53.93,25.75,6.95,3.36,18.4,42.25,117,52.5,9.3,2.86,68,30.29
12/6/2019,53.78,25.75,7.2,3.38,18.4,42,116.5,52.5,9.7,2.94,66.75,30.351
12/9/2019,53.31,25.75,7.15,3.38,18,42.25,118.5,52.5,9.7,2.78,66.75,30.346
12/11/2019,54.16,25.75,7.05,3.36,17.4,42,118,51.75,9.8,2.84,64.5,30.306
12/12/2019,55.97,26,7.25,3.38,17.9,42.75,119.5,53.25,10.1,2.88,65,30.191
12/13/2019,56.23,27,7.7,3.62,17.9,44,123.5,56,10.5,2.88,67.5,30.183
12/16/2019,56.66,26.75,7.85,3.6,17.299999,43.5,122.5,55.25,10.4,2.9,68,30.212
12/17/2019,55.81,27,7.5,3.48,16.4,43.75,123,55.75,10.7,2.86,67.5,30.249
12/18/2019,55.54,27.25,7.7,3.56,16.9,44.75,124.5,56.5,10.6,2.8,69,30.249
12/19/2019,55.06,27,7.8,3.58,16.9,44.25,124.5,57.25,10.7,2.82,68.25,30.209
12/20/2019,54.18,27.25,8.1,3.66,16.700001,44.5,125,57.25,10.5,2.82,68,30.199
12/23/2019,56.2,27.5,8.45,3.66,15.7,44.75,126,57.25,10.6,2.78,70,30.172
12/24/2019,56.54,27,8.6,3.72,16,44.25,124,56.75,10.4,2.78,69.5,30.164
12/25/2019,57.23,26.75,8.5,3.68,15.9,44.25,124.5,56.75,10.3,2.8,69.5,30.157
12/26/2019,56.35,27,8.5,3.64,16,44.5,125,56.75,10.4,2.84,70,30.159
12/27/2019,57.15,27.75,8.6,3.68,16,44.25,124.5,56.5,10.6,2.8,69.75,30.157
12/30/2019,57.24,28,8.65,3.68,16.1,44,124.5,57,10.7,2.8,69.75,30.121
1/2/2020,56.86,29,9.25,3.94,16.299999,45.5,127.5,59.25,10.9,2.86,71,30.11
1/3/2020,56.8,29,9.2,3.92,17.4,46.5,130,59.5,11.4,2.9,72,30.161
1/6/2020,57.12,27.75,8.9,3.76,16,47,133.5,58.5,10.8,2.94,70,30.145
1/7/2020,56.77,28.25,9.25,3.76,15.2,47.25,133,59.75,11,2.94,70,30.14
1/8/2020,57.72,27.75,8.85,3.54,13.9,46.75,134,57.75,10.7,2.8,67.25,30.285
1/9/2020,57.05,28.25,9,3.66,14.6,47,133,59.5,10.8,2.78,67.5,30.305
1/10/2020,55.21,28,8.7,3.64,14.4,46.5,131.5,59.25,10.8,2.78,66.5,30.258
1/13/2020,57.11,26.75,8.3,3.54,14.5,46.5,131.5,56.75,10,2.78,64.25,30.186
1/14/2020,58.58,27,7.95,3.4,14.7,46,132,55.75,9.6,2.76,61.25,30.263
1/15/2020,57.77,27,7.8,3.38,14.5,45.5,131,55.75,9.55,2.8,61.75,30.264
1/16/2020,58.01,27.25,7.5,3.36,15.3,46,131.5,55.75,9.25,2.82,61.75,30.307
1/17/2020,58.41,28,7.6,3.36,15.1,46,132,56.25,9.45,2.8,62.5,30.458
1/20/2020,58.11,27.25,7.35,3.28,14.5,46.25,132,55.5,9.2,2.8,61.5,30.383
1/21/2020,58.08,27,7.25,3.2,14.4,46.5,131.5,50.5,9.05,2.78,60.75,30.365
1/22/2020,55.17,26.5,6.95,3.02,14.1,46.25,131,50.25,8.3,2.8,58,30.391
1/23/2020,55.96,25.75,6.75,3,14.2,45.75,129,50.25,8.15,2.8,54.5,30.455
1/24/2020,56.1,25.5,6.65,3.02,14,45.25,128.5,50.5,8.05,2.84,53,30.514
1/27/2020,58.43,24.9,6.15,2.82,13.2,43.5,122.5,48.75,7.6,2.78,48.5,30.67
1/28/2020,58.43,25.25,6.4,2.84,13.5,43.75,124,48.25,8,2.8,51.25,30.789
1/29/2020,59.2,25.25,6.75,2.92,13.9,43.5,126.5,49.25,8.3,2.72,53.25,30.891
1/30/2020,59.02,25,6.7,2.92,14.2,43.5,126,49.5,8.35,2.72,52.25,31.198
1/31/2020,59.24,25,6.75,2.88,13.9,43.25,124.5,49,8.5,2.7,52,31.134
2/3/2020,58.76,24.700001,6.65,2.88,14.1,42.75,125,49.5,8.65,2.66,51.25,31.191
2/4/2020,59.18,25.75,6.9,3,14.3,43,124.5,52,8.85,2.68,54,30.982
2/5/2020,60.07,26,6.9,3,14.6,43.25,124.5,52.75,8.8,2.78,55.25,31.099
2/6/2020,60.21,27,7.1,3.1,15,43.75,125.5,54,9.1,2.76,55.75,31.078
2/7/2020,60.94,27.25,7.35,3.08,14.8,43.5,124.5,53.5,9.4,2.78,55.25,31.191
2/11/2020,60.93,26.5,7.05,2.96,14.4,43,125.5,53,8.95,2.78,52.75,31.193
2/12/2020,61.22,27,7.4,3,14.7,43.25,127.5,54,9.15,2.8,54.25,31.162
2/13/2020,60.44,26.25,7.3,2.98,15.3,43,124,52.75,9.05,2.78,54.25,31.146
2/14/2020,60.52,26.75,7.3,2.9,15.9,43,124,52.25,9,2.76,53.25,31.158
2/17/2020,61.11,26.25,7.4,2.84,16,43,124,52.5,9.1,2.78,53.5,31.182
2/18/2020,61.19,26.5,7.05,2.88,16,42.75,123.5,50,8.75,2.76,52,31.233
2/19/2020,61.68,26.5,7,2.84,15.7,44,125,50,8.7,2.78,52.25,31.187
2/20/2020,61.72,26.75,7,2.82,16,44.75,126,49.75,9,2.76,51.75,31.33
2/21/2020,61.68,26.5,6.95,2.68,16,44.5,125.5,50,8.85,2.8,51.5,31.614
2/24/2020,61.06,25,6.4,2.54,14.6,42.75,120,46.75,7.9,2.72,47,31.725
2/25/2020,61.33,25,6.5,2.58,14.4,42.5,119,48,8.05,2.64,47.5,31.672
2/26/2020,61.18,23.5,6.15,2.24,13.8,41.5,113.5,44.5,7.75,2.54,45,31.87
2/27/2020,63.05,24,6.25,2.32,14.7,41.75,115,45,8,2.5,44.75,31.796
2/28/2020,63.27,24,6,2.2,14.1,39,106,41.25,7.9,2.38,43.25,31.636
3/2/2020,62.7,23.700001,5.85,2.2,14.2,39.25,107,40.25,7.4,2.38,41.25,31.361
3/3/2020,59.61,24,6.2,2.32,14.5,40.75,112,42.75,7.65,2.44,45.25,31.548
3/4/2020,59.56,23.700001,6.1,2.36,15.5,39.5,110,43.25,7.3,2.42,45.25,31.375
3/5/2020,59.04,23.700001,6.25,2.4,15.5,39,109.5,43.75,7.4,2.48,44.75,31.464
3/6/2020,58.08,23.4,5.95,2.3,15.2,37.5,106.5,42.25,6.6,2.44,41.75,31.61
3/9/2020,58.23,20,4.88,2,14.6,28,74.75,31,5.7,2.3,32.75,31.513
3/10/2020,57.81,20.1,5,2.14,15.5,28.5,70.5,30.25,6,2.34,35,31.427
3/11/2020,58.52,20.200001,5.25,2.14,14.6,29.25,72.25,29.75,6.25,2.28,36.75,31.491
3/12/2020,58.54,18,4.66,2.04,12.4,26.5,60,26,5.5,1.98,32.75,31.567
3/13/2020,59.27,18,4.9,2.04,12.3,28,66.25,27,5.7,1.88,35.25,31.958
3/16/2020,58.73,15.9,4.1,1.88,11,26.25,58.25,24,4.98,1.79,30.5,31.993
3/17/2020,58.34,15.2,4.1,1.92,10.7,26,58,24.5,4.54,1.8,28.75,32.168
3/18/2020,56.74,14.5,3.68,1.98,10.5,26.5,57,24.299999,4.92,1.7,28.25,32.362
3/19/2020,55.59,14.2,3.36,2.02,10.4,25.75,55,24.200001,4.58,1.6,27.5,32.65
3/20/2020,54.19,15.8,3.86,2.2,11.5,29.5,63.25,27.75,5,1.75,30.25,32.523
3/23/2020,53.14,13.5,3.54,1.95,10.2,27.25,55.5,24.799999,4.26,1.6,27,32.975
3/24/2020,53.48,13.5,3.6,2,9.5,29,59.25,25.5,4.08,1.5,28.25,32.889
3/25/2020,53.33,14.4,3.82,2.1,9.6,31.25,66.25,27.75,4.32,1.57,30.5,32.858
3/26/2020,52.14,14.8,3.8,2.1,9.1,31.25,67.25,28,4.26,1.65,30.25,32.803
3/27/2020,51.56,14.5,3.86,2.08,9.4,30,64.5,28.25,4.28,1.67,29.75,32.474
3/30/2020,50.11,14.3,3.88,2.08,9.05,29,63,27.5,4.18,1.61,29,32.663
3/31/2020,49.61,15,4.24,2.14,9.7,30.75,67.5,30.5,4.42,1.64,30.75,32.699
4/1/2020,50.75,15.2,4.2,2.14,9.4,30.25,67,31.25,4.36,1.64,31,32.918
4/2/2020,50.95,17.299999,4.72,2.34,10.1,33.75,75.25,34.75,4.82,1.71,35.5,33.068
4/3/2020,50.32,18,4.88,2.36,10.3,35.5,79,36.75,4.88,1.76,36.75,32.905
4/7/2020,49.57,19.200001,5.1,2.58,11.5,38.25,86.75,38,5.15,1.81,39,32.798
4/8/2020,49.94,18.4,4.96,2.5,11.2,36,82.75,35.75,4.9,1.79,36.5,32.818
4/9/2020,51.17,18.6,4.92,2.46,11.7,35.75,79.75,34.75,4.9,1.82,35.5,32.788
4/10/2020,51.42,18.5,4.9,2.44,11.6,36,79.75,34.75,4.8,1.82,34.75,32.675
4/13/2020,52.05,18.5,4.98,2.44,12.5,35.75,79.5,35.5,4.66,1.87,35,32.74
4/14/2020,52.36,19.299999,5.55,2.72,13,36,80.5,36.75,5.35,2.12,38.25,32.738
4/15/2020,52.2,19.5,5.3,2.66,12.5,35.5,78.25,39,5.25,2.02,39,32.609
4/16/2020,52.05,18.200001,5.15,2.5,12,33.25,74,35.75,4.92,1.96,36.75,32.713
4/17/2020,53.29,18.5,5.2,2.58,12.8,34.25,76.5,36.75,5,1.98,38,32.537
4/20/2020,53.78,18.6,5.3,2.64,13.1,35.25,79,36.75,4.98,2.02,38.75,32.482
4/21/2020,53.38,18,5,2.52,12.8,34,76.25,36,4.9,2.04,39.25,32.53
4/22/2020,51.43,17.700001,4.98,2.56,13,33.25,74.75,35,4.84,2.04,40.25,32.464
4/23/2020,49.9,18.200001,5.1,2.68,13.2,33.75,76,38.25,5.05,2.08,41,32.339
4/24/2020,48.73,18.200001,5.05,2.54,13.1,34,76.25,36.75,5.05,2.06,39.5,32.436
4/27/2020,47.09,18.299999,5.05,2.54,13.3,34,77,36.25,5.1,2.08,38.75,32.474
4/28/2020,44.76,18.1,5,2.56,13.2,33.5,77,36.75,5.35,2.08,38.5,32.503
4/29/2020,46.75,18.200001,5.05,2.62,13.4,34,78.25,37,5.3,2.06,39.25,32.419
4/30/2020,47.18,18.5,5.4,2.68,13.8,35.5,84.5,37.75,5.85,2.1,41,32.362
5/5/2020,46.78,18.6,5.55,2.66,13.8,35,84,37.75,6.05,2.08,40.5,32.381
5/7/2020,45.9,19.1,5.65,2.6,13.2,34.25,82.5,37,6.1,2.04,40.75,32.447
5/8/2020,41.28,19,5.6,2.64,13.1,35.25,83,38.5,6.1,2.06,43.25,32.28
5/11/2020,31.13,19.1,5.6,2.82,13.6,35.5,83,40.5,6.4,2.08,43.25,32.15
5/12/2020,34.36,19.6,5.65,2.82,14,36.25,84,41.25,6.5,2.06,43.75,32.143
5/13/2020,32.98,19,5.7,2.88,13.8,36,83.5,41,6.45,2.06,42.25,32.082
5/14/2020,31.5,18.5,5.55,2.8,13.5,35.5,81.75,40.25,6.45,2.04,41.25,32.106
5/15/2020,31.73,19.1,5.8,2.82,14.2,35.5,83.5,41.75,7.05,2.06,43,32.082
5/18/2020,28.7,20.6,6,2.9,15,36,85.5,44.25,6.9,2.04,44,32.046
5/19/2020,26.95,21.200001,6.1,2.9,15.4,36.5,88,46,7.1,2.04,46.25,31.92
5/20/2020,20.37,21.200001,6.1,2.94,15.3,36.75,88.5,46,7.1,2.08,46.5,31.878
5/21/2020,25.22,21.1,6,2.9,15.2,37,89,45,6.95,2.14,47.25,31.847
5/22/2020,22.43,20.4,5.7,2.78,14.9,35.75,84.5,43,6.7,2.16,45,31.869
5/25/2020,23.36,20.4,5.8,2.82,15.1,36.25,85.5,44,6.85,2.18,45.25,31.974
5/26/2020,24.01,20.799999,5.95,2.84,15.2,36.75,87,45,7,2.22,45.25,31.922
5/27/2020,24.49,20.799999,5.9,2.86,14.8,36.5,86.5,44,6.9,2.2,45.25,31.873
5/28/2020,22.6,21.299999,5.75,2.78,14.7,35.5,84.25,43,6.85,2.24,43.75,31.871
5/29/2020,21.51,22.1,5.55,2.7,14.7,35.5,84,43,6.75,2.22,43,31.832
6/1/2020,20.09,22.1,5.85,2.8,16.200001,36,86.75,45.5,6.9,2.26,44.5,31.734
6/2/2020,20.48,22.299999,6.7,2.9,16.299999,37,89,46.5,7.4,2.38,46.75,31.577
6/4/2020,20.31,22.700001,6.8,2.92,16.9,38,92.75,47.75,7.4,2.38,47.25,31.624
6/5/2020,25.32,23.5,7.2,3.06,16.700001,39.5,98.75,51,7.7,2.42,50.5,31.501
6/8/2020,28.34,23.6,7.8,3,16.299999,40.75,101.5,51.25,7.3,2.54,49,31.474
6/9/2020,26.08,22.4,7.2,2.84,15.7,39,95.5,48.75,6.8,2.56,46.5,31.374
6/10/2020,23.63,22.4,7.3,2.86,16,39.25,96.25,49,6.9,2.62,47.25,31.199
6/11/2020,25.09,21.9,7.1,2.84,15.7,38.5,93.5,46.75,6.85,2.54,46,30.951
6/12/2020,22.76,21.4,6.95,2.76,15.8,37.25,91,45.5,6.7,2.5,44.5,31.026
6/15/2020,22.41,21,6.45,2.62,14.4,36.5,87,43,6.3,2.42,41.75,30.995
6/16/2020,20.11,21.700001,7.25,2.7,15.1,38,94,45.5,6.7,2.46,43.75,31.084
6/17/2020,19.87,22.1,7.2,2.78,16,38,93.75,46.5,6.9,2.52,45,31.168
6/18/2020,19.87,22.200001,7.5,2.76,15.9,37.75,94,47,6.95,2.52,45.75,31.125
6/19/2020,18.27,21.9,7.4,2.78,15.7,38.25,95.5,46.75,7.05,2.5,46.25,31.011
6/22/2020,-37.63,21.5,7.3,2.74,16.299999,38.5,95.75,47.25,6.85,2.48,45.75,30.988
6/23/2020,10.01,21.700001,7.3,2.74,16.200001,38.75,96.25,47.5,6.9,2.48,45.75,30.981
6/24/2020,13.78,20.9,6.95,2.66,15.7,37.5,92.75,45.75,6.55,2.44,43.75,30.872
6/25/2020,16.5,21.6,6.9,2.62,16,37.25,91.25,45.5,6.6,2.38,43.25,30.904
6/26/2020,16.94,20.5,6.95,2.6,16.6,37,92.5,45.25,6.55,2.42,42.75,30.9
6/29/2020,12.78,20.4,6.85,2.6,16.6,37.25,91.25,45,6.6,2.42,42.75,30.905
6/30/2020,12.34,21,7,2.62,16.200001,37.75,91.75,46.25,6.65,2.42,44.25,30.885
7/1/2020,15.06,21.200001,7.6,2.74,16.5,38.5,95.5,47.5,7.15,2.44,45.75,30.954
7/2/2020,18.84,21.1,7.5,2.74,16.9,39,95.75,48.5,7.05,2.48,46.75,31.067
7/3/2020,19.78,21.4,7.8,2.74,17.700001,39.25,95.25,49,7.1,2.56,46.5,31.114
7/7/2020,20.39,21.6,7.85,2.92,17.299999,40.25,95.5,49.25,6.95,2.54,47,31.131
7/8/2020,24.56,21,7.5,2.84,17.299999,39.5,92.75,48,6.7,2.66,44.5,31.272
7/9/2020,23.99,20.6,7.35,2.84,17.299999,39.25,92.5,47.75,6.45,2.64,43.25,31.169
7/10/2020,23.55,20.1,7.1,2.74,16.700001,38.25,91,46,6.4,2.54,42.75,31.307
7/13/2020,24.74,19.4,7.15,2.7,17.299999,37.5,91.75,46,6.4,2.48,42.75,31.308
7/14/2020,24.14,19.299999,7.25,2.68,17.200001,38,92.5,46.25,6.25,2.44,42.25,31.514
7/15/2020,25.78,19.6,7.75,2.7,17.4,38.75,95.25,47.5,6.5,2.42,43.25,31.517
7/16/2020,25.29,20,7.55,2.7,17.299999,38.25,93.5,47,6.6,2.44,42.5,31.668
7/17/2020,27.56,19.9,7.75,2.68,18.1,38.75,94,47.25,6.9,2.44,43,31.702
7/20/2020,29.43,19.6,7.8,2.68,18.200001,38.5,93.75,47.75,6.9,2.4,43.5,31.801
7/21/2020,31.82,20.799999,8,2.74,18.799999,40.25,96.5,50.5,7,2.46,45,31.725
7/22/2020,32.5,20,7.75,2.66,18.4,39.5,94,50,6.8,2.42,43.25,31.583
7/23/2020,33.49,20.200001,7.9,2.68,18,39.75,95.75,50,6.9,2.42,44.25,31.643
7/24/2020,33.92,19.700001,7.7,2.62,17.799999,38.5,93.25,48.5,6.8,2.42,43.25,31.738
7/29/2020,33.25,19.6,7.7,2.6,18.6,38.5,91.75,47,6.8,2.38,43,31.494
7/30/2020,32.9,18.799999,7.5,2.48,18.700001,38,90,45.75,6.7,2.34,41,31.415
7/31/2020,33.92,19.4,7.6,2.54,18.9,39,91,47,6.95,2.32,42,31.22
8/3/2020,34.35,19.299999,7.55,2.5,19.5,38.5,89,46.75,6.85,2.36,41.5,31.227
8/4/2020,32.81,19.5,8.15,2.52,19.5,38,89.5,47.25,7.05,2.46,41.5,31.123
8/5/2020,33.71,19.799999,8.3,2.58,19.700001,39,94.25,49,7.15,2.48,44.5,31.008
8/6/2020,35.49,19.700001,8,2.58,19.1,38.75,93,51.25,6.9,2.42,44.25,31.069
8/7/2020,35.44,19.299999,7.8,2.52,18.9,38.25,94,49.5,6.85,2.4,43.75,31.174
8/10/2020,36.81,19.200001,7.8,2.54,19.299999,37.75,94.25,50,6.85,2.38,42.75,31.169
8/11/2020,37.29,19.1,7.3,2.46,18.5,37.5,95.25,49.25,6.65,2.38,41.75,31.109
8/13/2020,37.41,19.5,6.95,2.58,17.700001,38.25,94.75,50.5,6.7,2.4,43,31.047
8/14/2020,39.55,19.1,6.8,2.52,18,37.75,92,49.25,6.7,2.38,42.25,31.066
8/17/2020,38.19,19.1,6.7,2.52,17.5,38,92,50,6.5,2.38,42.25,31.157
8/18/2020,38.94,19.1,6.75,2.54,18,38,93.25,50,6.35,2.36,42.75,31.172
8/19/2020,39.6,18.6,6.55,2.48,18.1,37.25,92,49,6.3,2.34,42,31.193
8/20/2020,36.34,18.299999,6.6,2.46,18,36.25,90,47.5,6.35,2.32,42.25,31.387
8/21/2020,36.26,17.200001,6.55,2.42,18.700001,36.5,88.75,47.25,6.25,2.34,41.25,31.46
8/24/2020,37.12,17.6,6.7,2.46,19.6,36.75,90.5,49.25,6.35,2.38,42,31.574
8/25/2020,38.38,17.299999,6.9,2.44,19.5,37.25,91.25,48.75,6.75,2.4,42.75,31.478
8/26/2020,37.96,17.5,6.85,2.44,19.200001,37,91.25,48.5,6.9,2.42,43,31.359
8/27/2020,38.84,17.700001,6.8,2.44,19.299999,37.25,91.25,47.5,6.95,2.52,43,31.259
8/28/2020,39.75,17.9,6.7,2.42,19.200001,36.75,89.5,47,6.85,2.66,42.5,31.226
8/31/2020,40.46,17.700001,6.6,2.34,19.299999,36,89,46.25,6.85,2.64,41.5,31.078
9/1/2020,40.37,17.5,6.5,2.3,18.5,36.25,88.5,45.75,6.65,2.72,40,30.989
9/2/2020,38.01,17.700001,6.75,2.3,18.799999,36.5,89.75,46.25,6.75,2.92,40,31.233
9/3/2020,38.72,17.299999,6.6,2.26,18.799999,36,88,45.25,6.5,2.84,39.25,31.341
9/8/2020,38.49,17,6.4,2.26,18.4,35,85.5,44,6.3,2.84,37.75,31.406
9/9/2020,39.7,17.1,6.35,2.24,18.799999,35.25,83.25,44,6.35,2.78,38.75,31.392
9/10/2020,39.27,17,6.25,2.22,18.200001,35.25,83.25,43.5,6.15,2.76,38.25,31.295
9/11/2020,39.82,17,6.2,2.2,17.4,35,82,43,6.05,2.68,38,31.305
9/14/2020,40.65,16.5,6.1,2.16,16.799999,35,82.75,42.5,6.05,2.62,37.5,31.284
9/15/2020,40.28,16.700001,6.3,2.18,17.5,35.25,85.75,43.25,6.15,2.66,38.25,31.228
9/16/2020,40.63,16.9,6.4,2.16,18.1,35.25,87.25,43.5,6.2,2.76,39,31.172
9/17/2020,40.62,16.700001,6.6,2.12,17.799999,35.75,87.25,42.75,6.05,2.76,38.25,31.195
9/18/2020,40.9,16.700001,6.5,2.14,17.799999,35.25,87.75,43,6.1,2.72,38.75,31.137
9/21/2020,39.62,16.200001,6.3,2.1,17.6,35,85.5,41.5,5.8,2.7,37.5,31.078
9/22/2020,40.55,15.8,6.2,2.04,17.700001,34.25,84.75,40.5,5.5,2.62,35.75,31.384
9/23/2020,40.1,15.6,6.2,2.06,18.299999,33.5,82.5,38.5,5.65,2.66,34.75,31.491
9/24/2020,40.29,15.3,6.1,2,18,32.5,80.5,39.75,5.45,2.62,33,31.609
9/25/2020,41.2,15.2,6.05,1.97,17.700001,32.5,78.75,39.5,5.4,2.66,32.25,31.524
9/28/2020,40.75,15.3,6.2,1.97,18.1,33.5,81.75,40,5.55,2.7,33,31.702
9/29/2020,40.59,15.6,6.05,1.96,18.6,33.25,80.5,39.25,5.5,2.7,32.25,31.7
9/30/2020,40.81,15,6.05,1.92,18.5,32,79,39.25,5.55,2.7,32,31.664
10/1/2020,41.96,15.1,6.35,2.1,19.1,33,79.5,40,6,2.74,33.5,31.588
10/2/2020,41.9,14.6,6.15,2.04,19.200001,32.25,75,39.25,5.75,2.7,32.25,31.615
10/5/2020,41.07,14.7,6.15,2.04,19.299999,32.25,76.75,39.25,5.7,2.7,33,31.508
10/6/2020,41.29,15.4,6.5,2.16,19.299999,33,82.25,41.5,6,2.76,35.75,31.247
10/7/2020,41.6,15.4,6.35,2.12,19.5,33,81,41.5,5.95,2.78,35.5,31.312
10/8/2020,41.04,15.5,6.45,2.14,19.4,33,82.25,41.5,6,2.74,36.5,31.207
10/9/2020,41.27,15.5,6.35,2.1,19.299999,33.25,83.5,41,5.85,2.74,35.5,31.12
10/12/2020,39.92,15.7,6.3,2.12,19.4,34.25,82.25,41.5,6,2.74,36.5,31.086
10/14/2020,40.27,15.5,6.35,2.08,19.200001,33.25,80.75,40.75,5.9,2.72,36,31.187
10/15/2020,41.01,15.1,6.2,2.06,18.799999,33,80.5,41.75,5.85,2.72,36,31.172
10/16/2020,41.7,14.9,6.15,2.08,18.299999,32.75,80.25,41.25,5.7,2.7,35.5,31.201
10/19/2020,42.19,14.6,5.95,2.02,17.700001,32.5,78.25,40.25,5.55,2.64,34.5,31.216
10/20/2020,41.95,14.4,5.95,2.02,18.200001,32.25,77.75,39.5,5.55,2.64,34.75,31.246
10/21/2020,41.22,14.7,6.05,2.02,18.6,32.25,80,40,5.55,2.64,35.25,31.229
10/22/2020,41.94,14.8,6,2,18.299999,32.25,81.5,40.5,5.55,2.68,36.25,31.271
10/26/2020,41.61,15.3,6,2.04,18.299999,32.25,79.75,40.25,5.45,2.7,35.5,31.315
10/27/2020,42.67,14.9,6.1,2.02,18.5,32,79.5,40.5,5.55,2.68,34.25,31.258
10/28/2020,42.24,14.7,6.15,2.02,18.700001,31.5,78.5,40.5,5.4,2.64,33.75,31.17
10/29/2020,42.01,14.7,6,2.06,18.799999,31,79,40.25,5.35,2.6,34.5,31.241
10/30/2020,42.89,14.5,6.05,2.02,19,31,78.75,40,5.3,2.6,34.25,31.188
11/2/2020,42.89,14.6,5.95,2.02,18.6,31,78,39,5.1,2.62,34.25,31.159
11/3/2020,42.93,15.2,6.45,2.1,19.1,32.75,80.75,41.75,5.55,2.66,35.75,31.079
11/4/2020,42.58,15,6.3,2.08,19,32.5,81.5,41.75,5.5,2.62,35.5,31.126
11/5/2020,42.34,15.4,6.4,2.16,19.4,34,82.75,44.25,5.75,2.64,36.75,31.029
11/6/2020,42.62,15.1,6.3,2.12,19.200001,34,82.75,44.5,5.55,2.7,37,30.675
11/9/2020,43.35,15.8,6.5,2.24,19.299999,34.75,84,46.25,5.85,2.68,38.5,30.491
11/10/2020,43.39,17.200001,7.1,2.46,18.6,38.25,90.75,49.25,6.85,2.66,45,30.47
11/11/2020,43.04,17.200001,7,2.54,18.5,38.25,91.5,50,6.7,2.68,45.25,30.254
11/12/2020,42.97,16.799999,7,2.54,18.6,37.25,90.5,50.5,6.7,2.66,44.25,30.271
11/13/2020,42.61,17.4,7,2.56,18.6,37.5,90.25,50.75,6.65,2.66,44.75,30.248
11/16/2020,42.76,17.5,7,2.62,18.9,37.5,91.5,50.25,6.7,2.68,46.5,30.166
11/17/2020,41.51,17.700001,7.05,2.66,18.700001,37.5,91.25,50.5,6.8,2.68,46.75,30.178
11/18/2020,41.37,17.799999,7.15,2.74,18.799999,38,93,51.75,6.9,2.68,47.5,30.25
11/19/2020,39.77,18.299999,7.3,2.9,18.9,37.75,92.25,53.75,7.3,2.7,48.5,30.368
11/20/2020,38.75,18.700001,7.3,2.9,18.9,38.25,93.75,54.5,7.25,2.7,48.75,30.326
11/23/2020,39.2,19.200001,7.35,2.9,18.9,40.5,98.5,56.75,7.25,2.72,49.5,30.283
11/24/2020,36.76,19,7.15,2.8,18.200001,40,96.75,56.25,6.85,2.74,48.75,30.392
11/25/2020,38.05,20.1,7.35,2.9,17.9,41.5,101,59,7.25,2.82,50.75,30.358
11/26/2020,37.3,20,7.45,2.88,17.700001,42,101.5,59.25,7.3,2.82,51.25,30.322
11/27/2020,37.33,19.799999,7.35,2.82,17.799999,41.75,100.5,59,7.35,2.78,49.75,30.288
11/30/2020,37.26,19.6,7.25,2.72,18,40,96.75,57.25,7.6,2.76,47.5,30.275
12/1/2020,38.28,19.6,7.2,2.9,18,41,98.5,57.5,7.5,2.78,49.5,30.263
12/2/2020,40.16,19.5,7.25,2.84,18.299999,41,98.5,56.75,7.65,2.76,49.75,30.226
12/3/2020,40.97,20.299999,7.7,3.06,18.299999,42.25,99,58.25,7.95,2.82,51.75,30.211
12/4/2020,41.11,20.6,7.7,3.16,18.1,43,101.5,59,8,2.82,52,30.16
12/8/2020,39.31,20.9,7.75,3.4,17.9,43.25,104.5,60.25,8.3,2.84,53.25,30.129
12/9/2020,39.6,21.799999,8,3.8,17.6,43,103,59.75,8.7,2.92,55.5,30.023
12/14/2020,39.93,21.5,7.85,3.64,17.6,42.25,102,57.75,8.45,2.88,54.25,30.084
12/15/2020,40.31,21.5,8,3.88,17,42.75,102,59.5,8.45,2.94,54.25,30.077
12/16/2020,40.25,21.799999,7.9,3.86,17.1,42.5,102.5,59.25,8.5,3.04,54,30.045
12/17/2020,40.6,21.799999,8.2,3.84,17.5,42.25,102,59.25,8.6,3.04,54.25,29.904
12/18/2020,39.29,21.799999,8.1,3.78,17.4,42.75,100.5,59.25,8.3,3.04,54.75,29.805
12/21/2020,40.22,19.9,7.45,3.62,16.4,40.5,96,56,7.95,2.86,52.5,30.024
12/22/2020,38.72,19.799999,7.6,3.74,16.4,41.25,97.5,58.25,8.05,2.86,53,30.155
12/23/2020,37.05,19.5,7.45,3.6,16.299999,40.25,95.25,56.75,7.85,2.88,51.5,30.208
12/24/2020,39.22,20,7.7,3.72,16.4,41.25,95.75,58.5,7.95,2.88,52.25,30.184
12/25/2020,40.67,20.5,7.7,3.8,16.5,42,96.5,59.75,8.3,2.96,54,30.084
12/28/2020,39.95,20,7.35,3.68,16.200001,41,95,58,7.85,2.86,51.25,30.126
12/29/2020,41.19,20.6,7.55,3.82,16.299999,42.5,97.75,59.75,8.35,2.92,53.25,30.071
12/30/2020,40.6,20.6,7.4,3.72,15.9,42.5,98.25,58.5,8.05,2.92,52,30.014
1/4/2021,39.43,22.200001,7.7,3.86,16,42.5,98.75,59.75,8.85,2.9,54.75,29.901
1/5/2021,40.2,25.5,8.15,3.84,16.5,42,100,59.75,9.2,2.96,56.25,29.904
1/6/2021,41.04,24.5,8.55,4.04,17,42.75,104.5,60.25,9.4,2.9,57,29.927
1/7/2021,40.96,24.9,8.35,3.94,16.9,42.5,104,62.25,8.8,2.9,57,29.94
1/8/2021,40.88,25.25,8.05,3.76,16.700001,42.75,104.5,62,8.65,2.88,57.5,30.104
1/11/2021,40.83,24.6,8.1,3.74,16.5,43,103.5,62.25,8.4,2.86,56.5,30.151
1/12/2021,41.46,25.5,8.8,3.78,16.700001,43.75,107,64.25,8.95,2.9,59,30.165
1/13/2021,40.03,26.75,8.7,3.86,16.799999,44.5,112.5,64.25,9.05,2.9,60,30.002
1/14/2021,40.64,26.25,8.5,3.74,16.6,44,113,63.25,8.95,2.92,58.75,30.022
1/15/2021,39.85,26,8.6,3.72,17.200001,43.25,111,62.5,8.75,2.94,59,29.998
1/18/2021,38.56,26.5,8.7,3.66,17.799999,42.5,111,61.5,8.75,3.08,57.5,30.113
1/19/2021,39.57,26.5,9,3.8,17.700001,41,113,63.5,9.35,3.04,59,30.053
1/20/2021,37.39,25.75,8.85,3.74,17.799999,41,112.5,63,9.3,3.04,57.75,29.975
1/21/2021,36.17,26,8.8,3.72,17.6,40.75,112.5,63,9.15,2.98,58,29.937
1/22/2021,35.79,24.4,8.55,3.68,17.1,39.5,111.5,61.25,9.05,2.94,55.5,29.976
1/25/2021,36.81,25.25,8.75,3.7,17.6,40,110.5,62,9.3,2.96,56.75,29.978
1/26/2021,37.66,25,8.75,3.72,17.6,39.75,112,62.75,9.3,2.88,56.75,29.973
1/27/2021,39.15,24.799999,8.8,3.68,17.4,39.25,110,61.5,9.25,2.94,56.25,29.98
1/28/2021,38.79,23.700001,8.35,3.58,17,38.5,108,60,8.8,2.9,55,30.035
1/29/2021,37.14,24.1,8.35,3.4,17.200001,37.75,103.5,59,8.9,2.92,54.5,29.985
2/1/2021,40.29,25.5,8.55,3.68,17.299999,39.25,106.5,60.75,9.15,2.94,56.25,29.925
2/2/2021,41.36,25.75,8.6,3.6,17.6,38.75,107,61,9.4,2.96,56.5,29.978
2/3/2021,41.45,25.75,8.55,3.6,17.299999,38.25,107.5,61.25,9.55,3.02,56.75,30.022
2/4/2021,41.12,25.5,8.7,3.62,17.200001,38.25,109,62,9.4,2.98,58.25,30.029
2/5/2021,40.13,26,8.65,3.62,18,39,109,62,9.25,3,58.75,30.116
2/8/2021,41.34,25.75,8.7,3.72,18.200001,40.25,109.5,63,9.35,2.98,59,30.041
2/9/2021,41.43,26,8.85,3.72,18.200001,41,111,64.75,9.2,2.98,59,29.97
2/10/2021,41.82,25.5,8.7,3.66,18.200001,40.75,111,63.75,9,2.98,58.75,29.917
2/11/2021,41.74,26,8.9,3.66,18.799999,40.25,111.5,63.25,9.05,2.92,58,29.914
2/15/2021,42.15,27.75,9.25,3.7,18.700001,41.25,115,64,9.4,2.96,59,29.864
2/16/2021,43.06,27.25,9.05,3.62,18.5,41.25,114,66.25,9.3,2.96,59,29.871
2/17/2021,44.91,28.75,8.95,3.64,18.299999,40.75,113,65.5,9.35,2.94,59.25,29.981
2/18/2021,45.71,29,9.1,3.62,19.700001,40.5,114,65.5,9.35,2.94,60,30.008
2/19/2021,44.98,28,8.9,3.58,19.5,40,111.5,63.5,9.2,2.9,58.25,30.014
2/22/2021,45.53,27.5,8.6,3.46,18.299999,40,110.5,62.25,8.9,2.82,57.25,30.013
2/23/2021,45.34,28.25,8.9,3.48,18.700001,40.5,114,64,9.45,2.84,59.75,30.007
2/24/2021,44.55,28.5,8.75,3.38,18.4,39.5,113.5,62.75,9.4,2.92,58.75,30.031
2/25/2021,45.28,29.25,8.85,3.52,19.4,40,115,62.75,9.85,2.96,59.25,30.041
3/1/2021,45.64,29.25,8.85,3.52,19.4,40,115,62.75,9.85,2.96,59.25,30.338
3/2/2021,46.26,28.5,8.7,3.42,20.5,39.75,112.5,62.75,9.4,2.92,59.25,30.337
3/3/2021,45.76,28,8.95,3.44,20.700001,41,113.5,64.5,9.6,2.92,60.5,30.297
3/4/2021,45.6,27.75,8.8,3.44,21,40,113.5,63.25,9.35,2.94,61,30.361
3/5/2021,45.52,28.25,8.9,3.5,21,40.5,116,65.5,9.65,2.98,62.75,30.451
3/8/2021,46.78,28.25,9.1,3.56,21.1,42,119,67.75,9.65,2.98,64.25,30.686
3/9/2021,46.57,27.75,8.85,3.5,20.799999,41.25,119,66.75,9.5,3.06,63.5,30.836
3/10/2021,46.99,27.75,8.85,3.56,21,41.5,118.5,67.5,9.45,3.06,63.25,30.763
3/11/2021,47.62,27.75,8.9,3.72,20.5,41.5,119.5,67,9.5,3.02,64.5,30.618
3/12/2021,47.82,27.75,8.7,3.74,20.799999,41.75,119,68,9.4,3.1,64.25,30.657
3/15/2021,48.36,27.75,8.7,3.68,20.799999,41.25,119.5,68.5,9.3,3.28,63.75,30.733
3/16/2021,49.1,27.5,8.65,3.76,20.700001,40.75,116,67.75,9.35,3.24,62.5,30.733
3/17/2021,47.74,27.5,8.65,3.86,20.4,40.5,118,66.25,9.35,3.24,62.5,30.798
3/18/2021,47.02,27.25,8.55,3.86,20.1,40.5,116.5,66.25,9.25,3.3,61.75,30.762
3/19/2021,48.12,27.5,8.45,3.88,20,40.5,115,65,9.2,3.5,60.75,30.884
3/22/2021,48.23,26.75,8.45,3.82,20.4,40.5,114.5,64.75,9.45,3.5,62,30.906
3/23/2021,47.62,26.25,8.35,3.74,20.6,40.25,113,64,9.25,3.46,61.25,30.962
3/24/2021,48,26,8.25,3.76,20.299999,40.25,112.5,63.25,9,3.44,61.25,31.017
3/25/2021,48.4,26,8.25,3.74,20.299999,40.25,114,63.25,9.1,3.38,60.75,31.093
3/26/2021,48.52,26.25,8.5,3.78,20.5,40.25,113.5,63,9.2,3.4,61,31.147
3/29/2021,47.62,26.25,8.55,3.78,20.5,40.75,114.5,63.5,9.25,3.4,61.25,31.199
3/30/2021,49.93,26.25,8.3,3.74,20.799999,40.75,114,63,9.1,3.38,60.5,31.222
3/31/2021,50.63,25.75,8.35,3.72,20.6,41,114,62.75,9,3.46,60.75,31.357
4/1/2021,50.83,26.25,8.45,3.86,20.9,40.75,114.5,63.25,9.05,3.46,60.25,31.281
4/2/2021,52.24,26,8.4,4.08,20.799999,40.5,116,62.75,9.15,3.44,57.75,31.246
4/5/2021,52.25,25.25,8.2,3.96,20.4,40,114,61.25,9,3.38,56.25,31.368
4/7/2021,53.21,24.9,8.2,3.92,20.200001,39.5,113.5,61,8.85,3.26,55.75,31.315
4/8/2021,52.91,24.799999,8.25,4.06,20.200001,39,111,61.5,8.75,3.3,56,31.445
4/9/2021,53.57,25,8.25,3.98,20.4,39.25,111.5,62,8.75,3.26,55.5,31.444
4/12/2021,52.36,24.200001,8.05,3.88,19.799999,39,111.5,61,8.5,3.18,54,31.547
4/16/2021,52.2,24.9,8.4,3.96,20.1,39.75,116,62.5,8.95,3.14,55.75,31.271
4/19/2021,52.36,24.799999,8.45,3.96,20.200001,39.75,115.5,63.25,8.9,3.34,55.25,31.243
4/20/2021,52.98,25,8.35,3.92,20.5,39.75,115.5,63.25,8.9,3.28,55.25,31.22
4/21/2021,53.24,24.9,8.3,3.9,20.700001,39.25,114.5,63,8.85,3.28,54.25,31.312
4/22/2021,53.13,24.5,8.2,3.84,20.299999,39,114.5,62.25,8.7,3.28,54,31.324
4/23/2021,52.27,24.5,8.1,3.8,19.9,38.75,113,61.75,8.55,3.28,53.5,31.403
4/26/2021,52.77,24.6,8.15,3.8,19.9,38.75,114,63.75,8.75,3.24,53.75,31.439
4/27/2021,52.61,24.9,8.2,3.92,19.799999,39,114.5,64,8.85,3.24,55,31.423
4/28/2021,52.85,25,8.45,3.94,20.1,39.25,116,65.25,9.15,3.28,56.75,31.404
4/29/2021,52.34,25.25,8.5,4.1,20,40.5,118,67.5,9.05,3.24,57.75,31.247
4/30/2021,52.2,25.75,8.55,4.14,20.1,40,119,67.75,9.4,3.26,59.25,31.198
5/5/2021,53.55,24.9,8.35,4.14,19.799999,39.5,117.5,66.75,9.2,3.18,58.25,31.183
5/6/2021,54.76,25.25,8.55,4.16,20,39.75,119.5,67.75,9.45,3.18,59.25,31.202
5/7/2021,55.69,25.75,8.4,4.22,20,40.5,120,69.5,9.5,3.24,59.5,31.234
5/10/2021,56.23,26.25,8.75,4.2,21,40.5,121.5,69,9.75,3.26,60.25,31.116
5/11/2021,56.85,26,8.6,4.18,20.9,40.25,121,68.5,9.75,3.36,59.5,31.096
5/12/2021,57.97,25.25,8.6,4.22,20.5,39.75,119.5,67.25,9.7,3.4,58.75,31.217
5/13/2021,58.36,25.25,8.45,4.1,20,40,119.5,67,9.55,3.26,59,31.332
5/14/2021,58.68,24.5,8.35,4.04,19.4,40.25,119,67.5,9.55,3.28,58.5,31.356
5/17/2021,58.24,24.799999,8.35,4.08,18.9,39.75,118.5,67,9.5,3.26,58.5,31.427
5/18/2021,59.47,26.25,8.5,4.04,19.1,40,121,66.75,9.7,3.28,60,31.465
5/19/2021,60.37,25.75,8.55,3.96,19,39.75,119.5,65.75,9.85,3.24,59.5,31.436
5/20/2021,60.09,25.5,8.55,3.94,18.9,39,116,65.25,10.1,3.26,57.5,31.387
5/21/2021,60.05,25.25,8.4,4.06,18.799999,38.5,116.5,64.5,9.95,3.2,56.75,31.392
5/24/2021,61.14,25.25,8.35,4.04,18.799999,38.25,117,64.25,9.8,3.24,56,31.378
5/25/2021,60.52,25.25,8.35,4.04,19,38.75,118.5,62.5,9.9,3.22,56.75,31.34
5/27/2021,59.24,25.5,8.4,4.04,19.4,38.75,117,62.75,9.8,3.26,56.5,31.28
5/28/2021,61.49,25.25,8.45,4.1,19.1,39.25,117.5,63,9.65,3.22,59.25,31.292
5/31/2021,61.67,25.5,8.45,4.04,19.4,39.5,118.5,63.25,9.75,3.2,59,31.254
6/1/2021,63.22,26.5,8.65,4.1,19.4,41.5,119.5,63.75,10.3,3.24,59.75,31.181
6/2/2021,63.53,26.75,8.75,4.14,19.6,41.5,120.5,64,10.5,3.26,60,31.158
6/4/2021,61.5,26.5,8.7,4.12,19.299999,41.25,120.5,63.25,10.3,3.36,60.25,31.235
6/7/2021,60.64,27,8.8,4.1,19.299999,41.25,120,63,10.2,3.34,59.25,31.205
6/8/2021,59.75,27,8.6,4.02,19.200001,40.5,121,61.75,10.1,3.3,58,31.21
6/9/2021,61.28,26.75,8.6,4.02,19.4,40.75,121,62.25,10.4,3.28,58.5,31.155
6/10/2021,63.83,26.25,8.5,4,19.299999,40.75,120,61,10.2,3.3,57.75,31.144
6/11/2021,66.09,26.5,8.45,4,19.5,41.5,121,61.25,10.2,3.3,57.5,31.085
6/14/2021,65.05,26.25,8.45,4.04,19.4,41.5,120,60.5,10.3,3.24,57.25,31.12
6/15/2021,64.01,26,8.35,4,18.9,40.75,119.5,59.25,10.2,3.2,57.25,31.127
6/16/2021,64.44,26.25,8.55,4.04,19,41.25,121,60.25,10.5,3.24,58,31.178
6/17/2021,66.02,26,8.5,4.02,19.1,41,120.5,59,10.7,3.22,57.25,31.337
6/18/2021,65.61,26.5,8.35,3.9,19.1,40,118,58.75,10.3,3.2,55.5,31.398
6/21/2021,65.39,25.5,8.2,3.86,19.1,39.75,117,57.75,10.3,3.2,55,31.564
6/22/2021,64.8,25.5,8.2,3.88,19.1,40,119,57.75,10.5,3.2,55.75,31.661
6/23/2021,64.6,25,8.35,3.84,19,40,119,58,10.5,3.2,55,31.801
6/24/2021,60,25,8.3,3.82,19,40,120,59.25,10.2,3.16,55,31.898
6/25/2021,61.42,25.25,8.2,3.8,18.799999,39.75,120.5,59,9.85,3.16,55,31.785
6/28/2021,61.55,25,8.25,3.82,18.700001,39.75,119,59.25,9.8,3.18,54.25,31.901
6/29/2021,57.76,25,8.2,3.88,18.4,39.5,119,59.75,9.8,3.18,55.25,32.012
6/30/2021,61.18,24.700001,8.25,3.84,18.5,39.25,117,59,9.7,3.2,54.5,32.05
7/1/2021,58.56,24.6,8.3,3.92,18.4,39,118,59.25,9.65,3.24,54.5,32.023
7/2/2021,60.97,24.700001,8.2,3.86,18,38.75,118,60,9.35,3.22,54,32.179
7/5/2021,61.56,25.5,8.3,3.84,18.200001,39,119,60.25,9.35,3.22,54.5,32.169
7/6/2021,60.55,25.5,8.3,3.9,18.1,39,121.5,60.25,9.45,3.24,54.5,32.131
7/7/2021,59.16,25.25,8.15,3.8,17.799999,38.75,118.5,59,9.05,3.18,53,32.295
7/8/2021,61.45,24.299999,7.7,3.64,17.200001,37.25,114.5,58.25,8.95,3.14,51.5,32.451
7/9/2021,58.65,24.4,7.75,3.7,17.1,37.25,113,58.5,9,3.12,51.5,32.664
7/12/2021,59.33,24.1,7.7,3.64,17.200001,37,112,54.75,8.85,3.16,51.25,32.612
7/13/2021,59.77,24.6,7.85,3.7,17.4,37.75,114,58,8.95,3.18,51.75,32.613
7/14/2021,59.6,24.299999,7.9,3.7,17.299999,37.5,111.5,56.75,8.9,3.16,50.75,32.649
7/15/2021,59.32,24.200001,7.9,3.68,17.4,37.25,110.5,57,9.1,3.18,49.75,32.649
7/16/2021,59.7,24.6,7.85,3.7,17.799999,37.5,112,58,9.05,3.14,49.75,32.751
7/19/2021,60.18,24,7.65,3.66,16.9,36.5,109.5,57.25,8.9,3.16,48.5,32.869
7/20/2021,63.15,22.700001,7.4,3.52,16.700001,35.75,107.5,56,8.8,3.1,46.75,32.83
7/21/2021,63.46,22.9,7.4,3.52,16.6,36,108,57.5,9,3.1,47.25,32.865
7/22/2021,63.13,23.4,7.45,3.56,16.700001,36.25,108.5,58,9,3.1,47,32.851
7/23/2021,63.38,23.5,7.45,3.54,16.700001,35.75,108,57,8.95,3.08,47,32.922
7/27/2021,62.44,23,7.35,3.52,16.1,35.5,107,57,8.7,3.08,46.25,32.92
7/29/2021,61.35,23.6,7.4,3.58,15.6,35.5,107.5,57.5,8.9,3.1,47,32.881
7/30/2021,61.43,23.1,7.3,3.52,15.7,34.75,103,56.75,8.4,3.08,44,32.894
8/2/2021,62.14,24,7.75,3.54,15.4,35,105.5,58,8.95,3.04,44.75,32.959
8/3/2021,61.91,24.700001,7.8,3.62,16,35.25,105.5,58.5,9.05,3.06,46.5,32.993
8/4/2021,62.94,24,7.5,3.6,16.5,35,106,58.25,8.95,3,46.25,33.079
8/5/2021,63.86,23.799999,7.35,3.54,16.1,34.5,104.5,57.25,8.7,3.02,44.75,33.144
8/6/2021,65.01,23.5,7.4,3.5,15.7,34.5,104.5,57.25,8.7,3,45,33.358
8/9/2021,63.58,22.9,7.1,3.54,15.9,34.5,105,58,8.05,3.04,45,33.448
8/10/2021,64.49,23.1,7.25,3.6,15.8,34.75,106.5,59.5,8.3,3.06,45.25,33.465
8/11/2021,65.69,23.4,7.15,3.62,15.6,34.5,103.5,59.25,8.1,3.04,45,33.382
8/13/2021,65.63,23.9,7.05,3.78,15.4,35,103,60,8.05,3.02,45.5,33.281
8/16/2021,64.71,24.200001,7.05,3.84,16.299999,35.25,104.5,60.5,7.85,2.98,45.75,33.406
8/17/2021,64.9,24.200001,7.05,3.84,16.1,36,103.5,60.75,8,2.98,46.5,33.419
8/18/2021,64.92,24.4,7.15,3.88,16.9,35.75,104,60.25,8.1,3.04,46.75,33.201
8/19/2021,65.28,23.799999,7.05,3.82,17.5,35.25,102.5,58.25,7.9,3.1,45.5,33.409
8/20/2021,66.08,23.700001,7.1,3.78,17.299999,35,100.5,56.5,7.9,3.16,44.5,33.35
8/23/2021,63.82,24.299999,7.3,3.86,18.200001,36,104.5,58,8.15,3.32,45.75,33.343
8/24/2021,65.37,24.799999,7.4,3.88,18.200001,37,108.5,59.5,8.4,3.38,47,33.131
8/25/2021,66.27,25,7.4,3.92,17.9,37.25,108.5,60.5,8.4,3.36,47.25,32.839
8/26/2021,65.49,24.9,7.35,3.9,18,37,107,62,8.3,3.38,47,32.76
8/27/2021,63.36,26.25,7.65,3.9,18.4,37.75,108.5,62,8.6,3.4,48,32.687
8/30/2021,62.05,27.25,8.05,4.02,18.5,38.75,113.5,63.5,8.95,3.38,50,32.507
8/31/2021,63.58,27,7.9,3.98,18.299999,38.25,111.5,64,8.8,3.38,49.75,32.338
9/1/2021,66.05,26.75,7.8,3.98,18.200001,37.5,109.5,62.75,8.7,3.36,49,32.324
9/2/2021,66.07,26.75,7.8,3.98,18,38,110,63.5,8.75,3.34,49.25,32.447
9/3/2021,66.21,27,7.85,3.98,17.9,38.25,110,61.5,8.8,3.3,49.5,32.555
9/6/2021,66.85,27.25,8.1,4,17.799999,38,108.5,60,8.95,3.32,49.5,32.415
9/7/2021,66.32,27.75,8.05,3.88,17.299999,37.5,108,59.25,8.9,3.34,49.5,32.499
9/8/2021,66.59,26.5,8.05,3.9,17.299999,37.25,106.5,59.5,9.05,3.38,48.75,32.78
9/9/2021,66.96,26.75,8.2,3.92,17.700001,37.25,106,60.25,9.1,3.26,49.5,32.738
9/10/2021,67.72,26.25,8.05,3.92,17.5,38,106.5,60,9.05,3.3,49.25,32.686
9/13/2021,68.83,26.5,8.05,3.92,18.200001,38.25,108,60.5,9,3.32,49.25,32.798
9/14/2021,68.81,26.75,8.2,4,18.4,39,112.5,60.75,9.45,3.28,50.5,32.924
9/15/2021,69.62,27,8.1,4.04,18.299999,39,112.5,60,9.25,3.3,50.75,32.913
9/16/2021,69.23,27,8.2,4.08,18.200001,39.75,113,60.75,9.25,3.26,51,32.926
9/17/2021,70.05,26.5,8.15,4.02,17.9,39,113,60.5,9.15,3.28,50.5,33.18
9/20/2021,69.96,25.5,7.85,3.94,17.4,39,111.5,58.75,8.9,3.24,48.75,33.363
9/21/2021,70.29,26,7.9,4,17.4,39.5,112.5,59.5,9,3.2,49.25,33.428
9/22/2021,70.91,26.25,8,4,17.4,39.5,112.5,60,9,3.22,49.5,33.442
9/23/2021,70.88,26.75,8,4.04,17.200001,40,113,60.5,9.05,3.2,50,33.498
9/27/2021,72.12,27.5,8.1,4.1,16.299999,40.5,117,61.75,9.45,3.2,52.5,33.432
9/28/2021,72.15,28,8.35,4.16,16.1,40.5,119,63.75,10.1,3.16,53,33.672
9/29/2021,71.04,27.5,8.3,4.18,16.4,39.25,119,63.25,9.9,3.22,52.75,33.855
9/30/2021,71.64,27.5,8.2,4.16,16.200001,39,117.5,63.25,9.85,3.18,52.25,33.897
10/1/2021,73.66,27.5,8.25,4.2,16.200001,38.75,117.5,63.5,10.1,3.18,53.5,33.725
10/4/2021,73.06,27.5,8.25,4.26,16,39,119.5,64,10.2,3.2,54.25,33.708
10/5/2021,73.08,28.5,8.25,4.38,15.8,39.75,120.5,64.5,10.2,3.2,54.75,33.808
10/6/2021,73.3,28.25,8.2,4.44,15.8,40,122,64.5,10.4,3.2,56.5,33.897
10/7/2021,74.05,28.25,8.05,4.36,16.4,39.5,120.5,64.75,10.3,3.22,56,33.796
10/8/2021,72.91,28.25,8.2,4.42,16.200001,39.75,121.5,65,10.6,3.22,56.25,33.883
10/11/2021,72.98,28.75,8.25,4.48,16,40,123.5,64.75,10.7,3.22,56.5,33.814
10/12/2021,73.47,28.75,8.2,4.46,15.9,40,123,64.75,10.7,3.3,56.5,33.481
10/14/2021,75.23,29,8.6,4.68,15.8,39.5,123.5,65.5,11,3.26,57.75,33.209
10/15/2021,75.16,28.5,8.65,4.64,15.9,39.25,124,64.75,11.2,3.28,57.5,33.25
10/18/2021,75.14,29.5,8.7,4.72,15.8,40,124.5,66.75,11,3.4,57.75,33.457
10/19/2021,76.25,28.75,8.45,4.56,15.7,39.5,123,65.5,10.7,3.34,57,33.336
10/20/2021,73.37,30.25,8.55,4.62,15.7,39.5,123.5,66.25,11.1,3.3,57.25,33.422
10/21/2021,72.2,30,8.55,4.64,15.5,40,125.5,66,11.2,3.3,58.25,33.377
10/25/2021,72.94,28.5,8.4,4.48,15.6,39.5,122.5,65.25,10.8,3.28,57.25,33.153
10/26/2021,74.56,28.5,8.4,4.46,15.5,39.25,124,65,10.9,3.3,56.75,33.119
10/27/2021,74.1,28,8.15,4.4,15.5,38.75,121.5,63.75,10.7,3.3,56.25,33.246
10/28/2021,75.25,27.75,7.9,4.34,15.7,38.25,118.5,62.25,10.3,3.28,55.75,33.285
10/29/2021,73.13,27.5,7.95,4.3,15.6,38,117.5,62.75,10.5,3.28,55.75,33.184
11/1/2021,71.65,27,7.75,4.24,14.9,38,116.5,62.5,10,3.34,55,33.41
11/2/2021,71.81,27.5,7.95,4.36,14.6,38,118.5,62,10.3,3.28,55.25,33.305
11/3/2021,66.42,26.5,7.8,4.18,14.4,37.75,117.5,61.5,10.1,3.26,54.75,33.347
11/4/2021,67.42,26.75,7.85,4.18,14.8,37.5,118,62,10.2,3.28,54.5,33.375
11/5/2021,70.3,26.25,7.75,4.12,14.6,37.25,117.5,61,9.9,3.3,53.25,33.326
11/8/2021,71.91,26.75,7.95,4.18,14.6,38.25,119,61.75,10.5,3.3,54.5,33.09
11/9/2021,72.07,27,7.95,4.22,14.7,38.25,119.5,62,10.4,3.28,55,32.793
11/10/2021,71.91,27,7.9,4.12,14.6,38.5,120.5,62.5,10.4,3.28,55.25,32.765
11/11/2021,71.65,28,7.8,4.1,14.8,38,119.5,61.5,10.3,3.28,54.5,32.883
11/12/2021,72.39,27.5,7.75,4.04,15.2,37.5,117.5,61.5,10.2,3.26,54,32.809
11/15/2021,73.62,27.25,7.8,4,15.4,38,118.5,61.5,10,3.24,54,32.707
11/16/2021,73.95,26.75,7.75,3.98,15.4,37.75,118.5,61.5,9.95,3.28,54.25,32.734
11/17/2021,71.26,26.25,7.55,3.92,15.3,38,119,60.75,9.6,3.28,52,32.768
11/18/2021,70.56,26.25,7.65,3.9,15.7,37.75,118.5,61.25,9.5,3.28,52.25,32.614
11/19/2021,68.15,26,7.65,3.98,15.5,37.75,119,60.75,9.7,3.28,52,32.615
11/22/2021,69.09,25.5,7.6,3.94,15.8,37.25,117.5,59.75,9.55,3.24,51.25,32.865
11/23/2021,68.28,25.75,7.6,3.96,15.6,37,118,60.25,9.5,3.3,51,33.071
11/24/2021,66.48,26,7.65,4.08,15,37.75,119,60.75,9.7,3.3,51.75,33.292
11/25/2021,68.29,25.75,7.65,4.04,14.8,37.75,118,60,9.8,3.3,51.75,33.331
11/26/2021,69.25,25,7.45,3.94,14.6,37,116.5,58.25,9.55,3.22,49.75,33.542
11/29/2021,69.09,24.4,7.35,3.86,14.4,36,113.5,57,9.25,3.2,48.5,33.746
11/30/2021,68.44,24.200001,7.25,3.74,14.4,35.5,113.5,56.25,9,3.28,46.5,33.719
12/1/2021,67.29,24.9,7.3,3.82,14.6,36.75,118,57.25,9.1,3.28,47.5,33.703
12/2/2021,66.59,24.799999,7.45,3.86,14.9,37.25,118,57.5,9.2,3.24,48,33.818
12/3/2021,65.46,25,7.45,3.84,15.1,36.75,117.5,57.75,9.3,3.24,48.25,33.889
12/7/2021,63.69,25.5,7.6,3.88,15.2,37.5,117.5,58.5,9.55,3.24,49,33.822
12/8/2021,62.32,25.25,7.6,3.84,15.3,37.5,118,58.5,9.6,3.24,49.25,33.512
12/9/2021,65.64,25,7.5,3.84,15,37.5,118.5,58.25,9.5,3.26,48.25,33.424
12/13/2021,67.54,25,7.55,3.86,15.2,37.5,119.5,58.5,9.65,3.22,49.25,33.433
12/14/2021,68.36,25,7.5,3.82,15.1,37.75,120,58.25,9.65,3.24,49.75,33.414
12/15/2021,67.42,24.799999,7.4,3.8,15,37.5,118.5,58,9.65,3.24,49,33.408
12/16/2021,68.74,25,7.4,3.86,15.4,37.5,119.5,59,9.75,3.22,50,33.445
12/17/2021,69.21,25,7.3,3.84,15.2,38,120,59,9.5,3.24,49.5,33.381
12/20/2021,68.5,24.4,7.25,3.74,14.9,37.25,116.5,57.5,9.2,3.24,48,33.492
12/21/2021,68.59,24.5,7.2,3.74,15,37,117.5,57.75,9.2,3.22,47.75,33.682
12/22/2021,69.99,24.5,7.2,3.74,15,37.5,117,57.75,9.15,3.26,47.5,33.769
12/23/2021,69.29,24.9,7.25,3.78,15,38,118,58.25,9.3,3.24,48.75,33.593
12/24/2021,68.75,25,7.3,3.8,15.1,38,117.5,58.5,9.5,3.26,49,33.518
12/27/2021,68.8,24.700001,7.3,3.78,15,37.75,118,57.75,9.45,3.26,48.25,33.509
12/28/2021,68.35,25,7.35,3.82,15.1,38,119,58.25,9.8,3.24,49.25,33.546
12/29/2021,69.3,25.25,7.4,3.82,15.1,38.25,118.5,58.5,9.95,3.26,49.75,33.553
12/30/2021,68.14,25.25,7.35,3.84,15.1,38,118,58.75,9.8,3.24,49.5,33.383
1/4/2022,69.72,25.5,7.35,3.9,15.2,38,119.5,59.5,9.85,3.24,50,33.311
1/5/2022,70.45,26.25,7.6,3.98,15.2,39,120.5,60.5,10.2,3.28,52,33.198
1/6/2022,70.46,25.5,7.45,3.92,14.9,38,119.5,59,10.2,3.24,51.5,33.372
1/7/2022,72.61,27,7.5,3.94,15.4,38.75,124,59,10.4,3.26,52.25,33.6
1/10/2022,72.61,27,7.5,3.96,15.5,38.5,122.5,59.75,10.4,3.26,52,33.693
1/11/2022,71.97,27,7.7,4.06,15.2,39,123.5,60.25,10.6,3.26,52,33.509
1/12/2022,70.29,27.5,7.75,4.12,15.1,39.25,123.5,61,10.7,3.34,52.75,33.382
1/13/2022,70.56,26.75,7.65,4.08,15.1,39.25,123.5,61,10.7,3.44,52.25,33.238
1/14/2022,72.23,26.75,7.7,4.06,15.1,38.75,123.5,60.5,10.7,3.4,52.25,33.198
1/17/2022,73.3,27.5,7.65,4.08,15,38.75,122.5,59.5,10.6,3.64,52.25,33.212
1/18/2022,73.98,27,7.55,3.98,14.8,38,126.5,57.75,10.5,3.68,51.75,33.014
1/19/2022,75.45,27.5,7.8,4.02,14.7,39,127.5,58.25,11,3.62,52.5,33.19
1/20/2022,75.29,27,7.85,4,14.7,39.5,128,57.75,10.8,3.6,53.5,32.939
1/21/2022,74.83,27,7.7,3.94,14.6,38.75,127,57.25,10.9,3.54,52.5,33.012
1/24/2022,75.03,26.75,7.7,3.88,14.5,38.5,124,57.25,10.5,3.54,51.75,33.028
1/25/2022,75.88,27,7.65,3.82,14.2,38.25,125,56.75,10.5,3.36,50.75,33.042
1/26/2022,77.62,27.5,7.65,3.86,14.2,39,127.5,57,9.6,3.34,52.5,32.959
1/27/2022,78.93,27,7.55,3.8,13.9,38.75,127,57,9.8,3.34,52.5,33.189
1/28/2022,77.43,27.75,7.6,3.78,14,38.75,128,56.75,9.7,3.4,52.5,33.272
1/31/2022,78.3,27.75,7.7,3.8,14.7,39,129.5,56.5,9.6,3.54,52.5,33.431
2/1/2022,79.35,27.75,7.75,3.82,14.6,38.75,128.5,56.5,9.75,3.62,52.75,33.244
2/2/2022,80.52,27.75,7.65,3.8,14.5,38.75,127,56.5,9.65,3.62,52,33.211
2/3/2022,80.64,28.5,7.65,3.82,14.6,38.75,129,57,9.65,4,51.75,33.159
2/4/2022,80.44,29.5,7.85,3.92,14.7,39.75,130.5,57.5,10.2,3.96,53.75,33.015
2/7/2022,81.31,30.75,8.15,3.94,14.8,40,131,57.75,10.2,4.02,54,32.943
2/8/2022,82.28,30.25,7.95,3.9,14.7,40.25,134,57.5,9.8,3.9,53.75,32.972
2/9/2022,82.44,29.5,7.95,3.98,14.7,40.5,133.5,58.25,9.75,3.82,53.75,32.886
2/10/2022,82.96,29.25,7.8,3.94,14.8,40.5,131.5,57.75,9.6,3.84,53.5,32.723
2/11/2022,83.87,29,7.75,3.96,14.7,40.25,131,57.75,9.35,3.9,53,32.708
2/14/2022,82.5,29.75,7.9,3.96,14.4,40.5,133.5,57.25,9.4,3.8,53.5,32.592
2/15/2022,83.76,29.25,7.85,3.98,14.7,40.25,133,56.5,9.35,3.84,52.75,32.343
2/17/2022,83.76,29.5,7.8,4.02,14.8,40,131.5,56.25,9.35,3.86,53.25,32.236
2/18/2022,84.65,30.75,7.65,3.98,14.8,39.5,130,55,9,3.8,53.25,32.147
2/21/2022,82.66,29.75,7.5,3.94,14.6,38.75,127,55,8.8,3.8,52.75,32.126
2/22/2022,82.81,30.75,7.65,3.78,14.5,39,129.5,54.75,8.75,3.76,53,32.396
2/23/2022,83.57,30.75,7.6,3.8,14.7,38.5,128,54.75,8.7,3.72,52.75,32.394
2/24/2022,84.05,31.25,7.5,3.72,14.3,38.75,132.5,54.25,8.8,3.56,53,32.451
2/25/2022,83.91,31.25,7.55,3.78,14.3,39,132.5,55,8.75,3.62,53.5,32.531
2/28/2022,80.86,31,7.5,3.8,14.4,39.5,136.5,53,8.9,3.56,53.75,32.723
3/1/2022,78.81,31.75,7.65,3.76,14.5,39,137.5,52.25,9,3.58,53.5,32.611
3/2/2022,81.27,31.25,7.9,3.76,14.4,39.75,149.5,52.25,9.05,3.54,54.25,32.671
3/3/2022,81.93,32.25,7.85,3.78,14.4,40,150.5,51.5,9.05,3.64,52.5,32.539
3/4/2022,84.15,31.25,7.65,3.68,14.3,38.5,150.5,50.5,8.85,3.5,50,32.62
3/7/2022,81.34,30.75,7.55,3.56,13.7,38.5,153.5,49.25,8.55,3.44,49,32.855
3/8/2022,81.59,31,7.4,3.54,13.3,38.25,152.5,48.75,8.5,3.44,48.75,33.1
3/9/2022,80.79,29.5,7.55,3.56,13.5,38.75,146,48.75,8.5,3.42,50.25,33.18
3/10/2022,80.88,30.25,8,3.64,13.5,38.75,146.5,50,9,3.36,52.75,33.076
3/11/2022,80.76,31,7.95,3.7,13.4,39.5,149.5,51,9.1,3.34,53.75,33.225
3/14/2022,78.36,30,7.75,3.68,13.7,39.5,148,50.5,8.95,3.36,53.25,33.422
3/15/2022,79.01,29,7.55,3.62,13.4,38.75,145.5,50,8.95,3.38,51.25,33.498
3/16/2022,76.1,29.25,7.7,3.6,13.5,39,147,50.25,9.3,3.38,51.25,33.439
3/17/2022,76.75,29.5,7.65,3.6,13.6,39.25,143.5,50.5,9.25,3.34,51.25,33.253
3/18/2022,78.5,29,7.9,3.56,13.6,39,145,50.5,9.15,3.36,51,33.307
3/21/2022,78.39,29.25,7.85,3.54,13.5,39,146,50,9.2,3.34,51.25,33.461
3/22/2022,77.41,30.25,8.1,3.58,13.6,39.25,150.5,50.25,9.55,3.34,52.75,33.632
3/23/2022,68.15,30.25,8.2,3.58,13.5,39.25,152,50.75,9.8,3.38,53.75,33.544
3/24/2022,69.95,30.5,8.3,3.58,13.4,39.5,154,51.5,9.9,3.36,53.25,33.649
3/25/2022,66.18,30.5,8.45,3.56,13.3,39,151.5,51.5,9.9,3.36,53.25,33.512
3/28/2022,65.57,30.5,8.65,3.6,13.3,39,151,51.75,10.3,3.34,54.5,33.709
3/29/2022,66.5,30.25,8.5,3.6,13.3,38.75,150.5,51.5,10.2,3.32,54.25,33.728
3/30/2022,66.26,29.5,8.1,3.58,13.5,38.75,148,50.75,9.85,3.3,52.75,33.451
3/31/2022,69.49,29.75,7.95,3.56,13.5,38.5,144,50.75,9.65,3.3,51.75,33.305
4/1/2022,72.05,29.5,8,3.56,13.4,38.75,146,50,9.6,3.28,52,33.382
4/4/2022,72.36,29.5,8,3.58,13.6,38.75,145.5,50,9.7,3.4,52.25,33.494
4/5/2022,70.94,30.75,8,3.56,13.4,38.5,146,51.5,9.7,3.34,52,33.458
4/7/2022,71.67,31,8.05,3.52,13.3,38.25,146,50,9.75,3.26,52,33.505
4/8/2022,71.29,30.5,8,3.5,13.3,37.75,143,50.25,9.4,3.26,51.5,33.573
4/11/2022,70.73,30.5,7.9,3.48,13.2,37.75,146,50,9.5,3.2,51.75,33.64
4/12/2022,70.87,30.5,7.9,3.46,13.4,37,143.5,49.25,9.35,3.2,51.75,33.68
4/18/2022,72.38,31,8,3.5,13.2,37.25,150,49,9.55,3.22,52,33.663
4/19/2022,70.86,31.75,8.35,3.52,13.2,37.75,152,49.5,9.95,3.22,53.75,33.72
4/20/2022,68.23,31.75,8.4,3.52,13.2,37.5,148.5,49.5,10,3.22,54.5,33.816
4/21/2022,71.12,32,8.5,3.52,13.3,37.75,148,49.5,10.1,3.22,54,33.825
4/22/2022,72.76,32,8.55,3.52,13.3,37.25,146,49.5,10.1,3.3,54.25,33.919
4/25/2022,73.79,31.75,8.5,3.48,14,37,144.5,49,10,3.28,53.75,34.001
4/26/2022,75.57,31.75,8.65,3.46,13.8,36.75,144.5,48.25,10,3.22,53.5,34.144
4/27/2022,75.98,32.75,8.65,3.38,13.7,36.5,148,47.5,10.1,3.24,53.5,34.36
4/28/2022,76.56,33,9.2,3.42,14.5,37.25,148,48.75,10.7,3.28,55.75,34.438
4/29/2022,76.99,33.5,9.35,3.48,14.3,37.5,151,50,10.8,3.34,56.5,34.338
5/3/2022,75.21,33.75,9.4,3.5,14.2,37.25,148.5,50.25,10.9,3.3,56.75,34.464
5/5/2022,76.08,34.75,9.55,3.48,14.3,37.5,154.5,50.25,11,3.3,57.75,34.101
5/6/2022,76.99,34.5,9.55,3.44,14.2,37.25,154.5,49.5,11,3.36,58.25,34.375
5/9/2022,77.85,34,9.5,3.42,13.8,37,154.5,49,11.2,3.54,58.75,34.526
5/10/2022,79.46,34.75,9.35,3.38,14.1,37,151.5,48.75,10.9,3.48,58,34.568
5/11/2022,78.9,34.25,9.3,3.22,14.1,36.75,153,48,10.8,3.54,57,34.677
5/12/2022,78.23,33.75,8.9,3.08,13.9,36.5,149.5,44.75,10.8,3.24,55,34.728
5/13/2022,81.22,34.25,9.15,3.1,14,36.25,151.5,44.25,11.1,3.28,56,34.736
5/17/2022,82.64,35,9.65,3.24,14.7,37,157.5,46.25,11.8,3.32,58.75,34.626
5/18/2022,82.12,35.25,9.8,3.28,15,36.75,158.5,47,12,3.3,58.75,34.624
5/19/2022,83.82,34.75,9.55,3.26,15,36.25,155.5,46.25,11.7,3.26,57.25,34.63
5/20/2022,83.83,34.25,9.65,3.28,15,36.75,156.5,46.5,11.7,3.24,57.75,34.447
5/23/2022,83.69,33.75,9.65,3.34,15,37.5,157,47.5,11.8,3.24,57.75,34.288
5/24/2022,85.43,32.5,9.5,3.28,14.8,37,155.5,47.25,11.6,3.24,57,34.19
5/25/2022,86.96,32.5,9.5,3.32,14.7,36.75,155.5,46.5,11.6,3.26,56.75,34.205
5/26/2022,86.9,32.5,9.6,3.34,14.9,37,160,47,11.8,3.36,56,34.29
5/27/2022,85.14,32.25,9.95,3.38,14.7,37.5,165.5,47.5,11.8,3.32,57,34.168
5/30/2022,83.31,32,9.9,3.4,14.6,38,165.5,48,11.9,3.4,56.5,34.08
5/31/2022,85.6,33,10.3,3.46,14.6,38.25,169.5,48.25,12.3,3.48,58,34.189
6/1/2022,87.35,32.75,10.3,3.44,14.4,38.25,167.5,48.25,12.2,3.58,57.5,34.333
6/2/2022,86.61,33,10.3,3.46,14.6,38,166.5,48.25,12.5,3.56,58.25,34.385
6/6/2022,86.82,33.25,10.4,3.5,14.6,38.25,168.5,48,12.7,3.6,58.25,34.391
6/7/2022,88.15,34.25,11.2,3.54,14.4,38,169,48.25,13,3.84,59.5,34.461
6/8/2022,88.2,35,11.4,3.62,14.4,38,170,48.5,13.1,3.72,60.75,34.482
6/9/2022,88.26,35,12,3.6,14.5,37.75,174,48.75,13.3,3.82,60.75,34.517
6/10/2022,90.27,34.25,12.2,3.5,14.4,37.5,173,47.25,13,3.8,56.75,34.67
6/13/2022,92.31,31.75,11.8,3.4,13.7,36.5,173,45.25,12.6,3.52,53.5,34.812
6/14/2022,91.32,32.5,12.3,3.42,14.1,36.5,173.5,46.25,12.8,3.68,54.5,34.951
6/15/2022,89.36,32.75,12.1,3.4,14,36,169,46.25,12.7,3.66,54.75,35.079
6/16/2022,89.66,32.25,11.8,3.3,13.6,34.75,166,45.25,12.5,3.58,53.25,34.963
6/17/2022,89.88,29.25,10.7,3.1,13.6,33.5,162.5,43.75,11.3,3.56,49.5,35.228
6/20/2022,93.1,29.5,10.8,3.12,13.8,33.25,158.5,44,11.6,3.58,49.5,35.278
6/21/2022,95.46,30.5,11.5,3.16,13.8,33.75,163,44.75,12,3.8,51,35.385
6/22/2022,92.07,31,11.6,3.2,13.7,33.75,158,44.75,12.2,3.74,51,35.474
6/23/2022,93.66,31.5,11.4,3.16,13.8,33.25,154,44.75,12,3.66,50.25,35.431
6/24/2022,91.76,31,11.1,3.16,13.7,33.25,153.5,44.75,11.7,3.7,49.75,35.54
6/27/2022,91.07,30.5,11.2,3.24,13.8,34,156.5,45.75,11.7,3.56,51,35.416
6/28/2022,91.62,31.75,11.4,3.28,13.8,35,162.5,46.25,12.2,3.62,52.25,35.259
6/29/2022,92.65,32,11.6,3.26,13.7,35,163.5,46,12.2,3.76,52.25,35.074
6/30/2022,92.35,31.25,11.6,3.22,13.5,34,159.5,45.5,12.1,3.64,51.5,35.287
7/1/2022,92.1,31.25,11.4,3.22,13.6,34.5,159,45.5,12.1,3.6,52.25,35.537
7/4/2022,92.81,31.25,11.8,3.18,13.6,34.25,159,45,12.1,3.56,51.5,35.664
7/5/2022,91.59,31,11.7,3.18,13.3,34.25,163,44.5,12.1,3.4,51.75,35.704
7/6/2022,95.72,30.75,11.3,3.14,13.2,34,155.5,44.25,12,3.46,51.25,36.017
7/7/2022,103.41,31.25,11.3,3.22,13.7,34.75,156.5,44.75,11.7,3.52,51,36.19
7/8/2022,110.6,30.75,11.2,3.2,13.8,34.5,159,45.5,11.7,3.46,51.25,35.987
7/11/2022,107.67,30.75,11.3,3.2,14.2,34,161.5,45,11.5,3.46,51,36.012
7/12/2022,115.68,31,11.2,3.18,14.2,33.75,160,44.5,11.5,3.38,50.75,36.304
7/14/2022,119.4,29.75,10.6,3.12,14.2,33.75,156.5,43.75,11.1,3.38,50,36.363
7/15/2022,123.7,29,10.2,3.12,14,33.5,154,43.5,10.9,3.4,49.25,36.67
7/18/2022,108.7,29.5,10.3,3.16,13.9,34.5,158,44,11.1,3.38,50,36.602
7/19/2022,106.02,30,10.5,3.2,13.7,34.25,160,44.25,11.4,3.4,50.75,36.657
7/20/2022,109.33,29.75,10.5,3.22,14,34.25,160.5,44.25,11.3,3.36,50.25,36.656
7/21/2022,103.01,29.75,10.5,3.2,14.1,34.25,158.5,44.5,11.1,3.46,50.25,36.784
7/22/2022,96.44,29,10.3,3.18,14.3,34.5,160,44.25,11.1,3.42,50,36.84
7/25/2022,95.04,29,10.2,3.22,14.5,34.25,158.5,44.5,11,3.42,50.25,36.714
7/26/2022,102.98,29.25,10.4,3.24,14.3,34.5,161.5,43.5,11.3,3.42,50,36.668
7/27/2022,104.7,29.5,10.6,3.26,14.3,34.75,162.5,44.25,11.7,3.48,51.25,36.822
8/1/2022,112.12,29.5,10.8,3.34,14.9,35.25,159.5,45.25,12,3.54,51.5,36.207
8/2/2022,111.76,29.75,10.9,3.34,15.1,35.25,159,45.25,11.7,3.54,51.25,36.087
8/3/2022,114.93,30.25,11,3.38,15,35.25,161.5,45.5,11.6,3.64,52,36.197
8/4/2022,112.34,29.5,10.6,3.32,15.3,35,154.5,44.75,11,3.64,51.5,36.151
8/5/2022,113.9,29,10.2,3.32,15.4,35.5,151,45.25,10.9,3.56,51,35.654
8/8/2022,105.96,29,10.4,3.4,15.4,36.5,154,45.75,10.8,3.56,50,35.783
8/9/2022,104.24,29.5,10.7,3.42,15.4,36.25,155.5,46.5,10.9,3.56,51,35.481
8/10/2022,107.82,30.25,11.2,3.44,15.5,36.75,156.5,46.75,11.2,3.7,52.25,35.419
8/11/2022,100.28,30,10.9,3.42,15.2,37,158,46.25,11.3,3.62,53.25,35.308
8/15/2022,99.27,30.75,11.2,3.42,15.7,37,154.5,47.25,11.7,3.68,54.5,35.447
8/16/2022,103.28,31.5,11.6,3.48,15.4,37.5,156,47.5,12.3,3.68,56,35.412
8/17/2022,101.96,32.5,12,3.5,15.3,37.75,155,48,12.8,3.66,57,35.414
8/18/2022,96.23,32.75,12.1,3.5,15.3,37.25,155,47.5,12.8,3.7,57,35.59
8/19/2022,96.03,33.25,12.3,3.46,15.4,37,157.5,46.75,12.8,3.66,57.5,35.724
8/22/2022,98.26,33.5,12.6,3.46,14.9,36.75,157.5,46.5,12.8,3.7,57.5,35.938
8/23/2022,94.29,34,12.8,3.52,15,37.5,161,47.25,13.2,3.7,59.5,36.226
8/24/2022,100.6,35,13.2,3.48,15,37.75,168,47.25,12.8,3.7,60.25,36.162
8/25/2022,104.25,35.25,13.4,3.5,15.2,37.75,168,47.75,12.7,3.76,60.75,35.894
8/26/2022,106.95,35.75,13.3,3.5,15.3,38,167.5,47.75,12.9,3.76,61,35.9
8/29/2022,108.21,36.25,13.4,3.48,14.9,37.5,172,47,12.8,3.78,61.5,36.418
8/30/2022,102.56,36.75,14.3,3.46,15.1,38,172,47.5,13.2,3.78,63,36.431
8/31/2022,102.75,35.25,14.1,3.42,15.3,37.5,168.5,47.5,12.9,3.74,60.75,36.497
9/1/2022,103.79,34.5,13.8,3.34,15.1,36.75,166,46.5,12.5,3.7,59,36.704
9/2/2022,102.07,35,14,3.34,15.1,36.75,166.5,45.25,12.6,3.74,58.75,36.804
9/5/2022,98.54,34.75,14,3.3,14.9,37,167,44.75,12.9,3.8,59,36.749
9/6/2022,101.7,34.5,13.9,3.32,14.9,37.25,165.5,44.5,12.7,3.78,59,36.46
9/7/2022,102.02,33,14.1,3.28,14.8,37,165,44.5,12.6,3.8,57.25,36.753
9/8/2022,105.36,32.75,13.1,3.24,15.5,36.25,160,45,12.1,3.68,55.25,36.447
9/9/2022,104.69,33.25,13.5,3.3,15.3,36.75,163,44.75,12.3,3.78,56.25,36.305
9/12/2022,105.17,33.25,13.5,3.32,15.2,37.25,164.5,45.75,12.3,3.8,56.25,36.434
9/13/2022,102.41,33,13.8,3.34,15.5,37,164,46,12.3,3.76,55.75,36.292
9/14/2022,107.81,32.5,13.8,3.32,15.6,36.75,164.5,45.75,12.1,3.94,56,36.685
9/15/2022,108.26,32.25,13.6,3.28,15.5,36.75,167,45.25,11.8,4.14,56,36.714
9/16/2022,109.77,31.75,13,3.22,15.3,36.75,166.5,44.75,11.2,4.32,54.5,37.011
9/19/2022,103.09,31.25,12.8,3.22,15.9,36.75,168,44.5,11.3,4.22,54.5,36.937
9/20/2022,99.76,31.5,13.2,3.22,16,37,169.5,44.25,11.6,4.52,55,36.928
9/21/2022,105.71,32,13.3,3.24,16,37,174.5,44,12,4.64,56.25,37.145
9/22/2022,106.13,31.75,13.4,3.24,16.200001,37.25,173.5,44,11.8,4.78,55.75,37.358
9/23/2022,110.49,31.5,13.3,3.24,16.1,37,170.5,43.25,11.6,4.7,54.75,37.335
9/26/2022,114.2,31,13.1,3.18,15.9,37,166,42.75,11.3,4.56,53.75,37.783
9/27/2022,112.4,30.25,12.7,3.18,15.6,36.75,164.5,43,11,4.68,52.25,37.923
9/28/2022,109.59,29.5,12.5,3.12,15.8,35,162,41.75,10.6,4.56,51,38.162
9/29/2022,112.21,29.75,12.8,3.12,15.6,34.25,161,41.25,10.5,4.38,51.75,38.121
9/30/2022,113.23,29.5,12.8,3.12,16,34,160.5,41.5,10.6,4.52,51.25,37.915
10/3/2022,110.29,29.75,12.7,3.16,15.5,34,164.5,41.5,10.4,4.34,50.25,38.012
10/4/2022,109.77,30,13,3.1,15.9,34.5,165,41.75,11,4.94,51.5,37.73
10/5/2022,110.33,30.25,13.5,3.1,16,34.5,168,41.75,11.3,4.9,52.25,37.402
10/6/2022,114.09,31,14.2,3.16,15.8,34.5,170,41.5,11.5,5,52.25,37.25
10/7/2022,115.07,30.75,14.2,3.14,15.7,34.5,170,41,11.4,5,52.5,37.422
10/10/2022,115.61,30.75,14,3.08,15.1,34.5,170.5,40.25,11.4,4.96,52.75,37.797
10/11/2022,117.61,30,13.9,3.04,14.8,34.5,170,40.5,11.2,4.8,52,38.123
10/12/2022,114.67,30,13.7,2.98,14.3,34.5,170,40.5,11.1,4.76,51,38.143
10/17/2022,115.26,29.25,13.9,3,14.4,34.25,169.5,41,11.1,4.76,51.25,38.176
10/18/2022,116.87,29.5,14.1,3.06,14.3,34.25,170,41,11.2,4.94,51.75,38.08
10/19/2022,118.87,29.5,14.2,3.06,13.9,34.25,168.5,42,11.2,4.9,52.5,38.107
10/20/2022,118.5,31,14.3,3.1,13.8,34.75,171.5,41.5,11.5,5,52.75,38.311
10/21/2022,119.41,30,14.5,3.06,13.7,34.75,172.5,41.75,11.5,5,52.75,38.339
10/25/2022,122.11,29.75,14.3,3.06,13.8,35,173.5,42,11.4,4.9,51.75,38.229
10/26/2022,121.51,30.25,14.5,3.06,13.9,35,173.5,42,11.6,4.84,51.75,37.917
10/27/2022,120.67,30.25,14.7,3.12,13.6,35.5,176,42.5,11.7,4.82,53,37.76
10/28/2022,120.93,30,14.7,3.12,13.6,36,180.5,42.5,11.8,4.7,53,37.752
10/31/2022,118.93,30.5,14.5,3.14,13.9,36,181.5,43.5,11.9,4.6,54.5,38.018
11/1/2022,115.31,31,14.6,3.18,14.2,36,187,44.25,12.2,4.72,55,37.903
11/2/2022,117.59,32.25,14.5,3.2,14,36,186.5,45,12,4.86,55.25,37.661
11/3/2022,109.56,32.5,14.3,3.18,14.1,35.75,188,45.25,12.1,5.05,55.5,37.853
11/4/2022,108.94,33.5,14.6,3.2,14.2,36,192,46.25,12.3,5,57.25,37.683
11/7/2022,108.84,33.75,14.5,3.24,14.1,35.75,191.5,48.5,12.4,4.94,58.25,37.407
11/8/2022,110.65,33,14,3.24,14,35.5,192,48.25,12.2,4.8,57.25,37.337
11/9/2022,106.19,33,13.6,3.08,13.9,35,193,47,11.9,4.56,56.5,36.853
11/10/2022,104.27,32.5,13.2,3.06,14.1,34.25,189.5,46.5,11.7,4.34,54.5,36.884
11/11/2022,107.62,32.75,13.4,3.08,14.2,34.75,189,47.75,12.2,4.3,55.25,36.004
11/14/2022,109.57,32,12.8,3.06,13.9,34,188.5,48,11.9,4.28,55.5,35.81
11/15/2022,111.76,31.5,12.8,3.06,14.2,33.5,184.5,47.75,11.7,4.16,54.25,35.693
11/16/2022,109.78,32,12.7,3.02,14,33.5,188.5,47.5,11.8,4.22,54.25,35.7
11/17/2022,105.76,31.25,12.4,3.02,14,33,187,46.5,11.5,4.3,53.5,35.849
11/18/2022,108.43,31.5,12.4,3,14.3,33.5,187,47.25,11.5,4.18,54.5,35.838
11/21/2022,108.19,31.25,12,3.02,14.3,33.25,186.5,46.5,11.1,4.18,53.75,36.063
11/22/2022,110.4,30.75,11.9,3,14.4,33.25,185,45.75,11.2,4.26,53.25,36.178
11/23/2022,99.5,31.5,12.4,3,14.7,33.75,193.5,46.5,11.8,4.44,54.75,36.158
11/24/2022,98.53,32,12.7,3.06,14.9,33.75,190,47.25,12,4.48,55.25,36.001
11/25/2022,102.73,31.75,12.5,3.06,14.9,33.75,186.5,47,11.8,4.4,55,35.663
11/28/2022,104.79,31.5,12.5,3.06,14.6,33.25,184,47,11.8,4.38,54.75,35.86
11/29/2022,104.09,31.75,12.3,3.1,14.7,33.25,188.5,48.25,11.7,4.44,55.5,35.634
11/30/2022,95.84,32,12.1,3.08,14.8,33.25,188,48,11.6,4.38,55.5,35.35
12/1/2022,96.3,32.25,12.7,3.06,15.1,33.25,186,48,11.8,4.44,56.5,34.989
12/2/2022,95.78,32.25,12.5,3.04,14.9,33,182.5,46.75,11.8,4.4,55.75,34.774
12/6/2022,97.59,32,12.3,3,14.8,32.75,180.5,46,12,4.22,55.75,35.052
12/7/2022,102.6,31.5,12,3,14.7,32.25,176,46,11.8,4.2,54.25,35.078
12/8/2022,104.22,31,11.5,2.98,14.8,31.75,172.5,46.25,11.6,4.18,54,34.799
12/9/2022,102.26,31.25,11.7,2.98,14.9,32,171.5,46,11.7,4.1,54.25,34.784
12/13/2022,96.35,31.25,11.7,2.96,14.8,32,175,45.5,11.8,4.26,54.25,34.784
12/14/2022,94.7,31.25,11.9,2.98,14.8,31.75,174,46.5,11.5,4.22,54.75,34.614
12/15/2022,96.7,31,12.1,2.96,14.5,31.5,173,47,11.6,4.22,54.75,34.774
12/16/2022,94.98,30.75,12.1,2.92,14.4,31.25,172.5,46.75,11.5,4.16,54,35.01
12/19/2022,97.26,30.75,11.9,2.88,14.6,31.25,166,46.5,11.3,4.26,53.75,34.82
12/20/2022,96.42,30.25,11.7,2.9,14.1,31.25,166.5,45.75,11.3,4.12,53.5,34.916
12/21/2022,98.62,30.25,11.8,2.9,14.2,31,166.5,45.5,11.2,4.1,53.5,34.775
12/22/2022,93.89,30.75,11.9,2.92,14,31.5,171,44.75,11.3,3.98,54.5,34.687
12/23/2022,94.42,30.5,11.9,2.92,14,31.5,171.5,44.75,10.9,4,55.25,34.801
12/26/2022,90.66,31,12.1,2.96,14.2,32.25,174,45.5,10.9,4.1,55.75,34.751
12/27/2022,88.54,31.75,12.5,3.02,14.5,32.5,175,47.25,11,4.16,56.25,34.642
12/28/2022,89.01,31.75,12.5,3.04,14.3,32.75,175,47.5,11.1,4.16,56,34.672
12/29/2022,90.76,31,13,3.02,14.4,32.75,176,47.5,10.9,4.26,56.5,34.638
12/30/2022,90.5,31.5,12.6,3.02,14.5,33.25,176.5,47.25,10.7,4.02,56.25,34.545
